rownames.DLAKY123.,DLAKY123...4.
1/5/10,17.33
1/6/10,17.450001
1/7/10,17.700001
1/8/10,18.35
1/11/10,18.790001
1/12/10,18.09
1/13/10,18.17
1/14/10,18.4
1/15/10,18.43
1/19/10,18.450001
1/20/10,17.74
1/21/10,17.65
1/22/10,16.6
1/25/10,16.5
1/26/10,16.4
1/27/10,16.15
1/28/10,16.120001
1/29/10,15.95
2/1/10,16.33
2/2/10,16.85
2/3/10,16.389999
2/4/10,15.7
2/5/10,15.28
2/8/10,15
2/9/10,15.41
2/10/10,15.46
2/11/10,15.16
2/12/10,14.95
2/16/10,15.13
2/17/10,15.19
2/18/10,15.25
2/19/10,15.15
2/22/10,15.05
2/23/10,14.79
2/24/10,14.8
2/25/10,14.76
2/26/10,14.93
3/1/10,15.05
3/2/10,15.59
3/3/10,15.79
3/4/10,15.63
3/5/10,16.02
3/8/10,16.030001
3/9/10,16.1
3/10/10,16.27
3/11/10,16.17
3/12/10,16.280001
3/15/10,16.190001
3/16/10,16.540001
3/17/10,16.67
3/18/10,16.6
3/19/10,16.629999
3/22/10,16.690001
3/23/10,16.780001
3/24/10,16.299999
3/25/10,16.549999
3/26/10,16.51
3/29/10,16.9
3/30/10,16.799999
3/31/10,16.620001
4/1/10,17.120001
4/5/10,17.190001
4/6/10,17.33
4/7/10,17.08
4/8/10,17.280001
4/9/10,17.77
4/12/10,17.709999
4/13/10,17.6
4/14/10,17.889999
4/15/10,18.129999
4/16/10,17.24
4/19/10,16.9
4/20/10,17.059999
4/21/10,17.030001
4/22/10,16.700001
4/23/10,17.059999
4/26/10,17.02
4/27/10,16.280001
4/28/10,16.35
4/29/10,16.85
4/30/10,16.700001
5/3/10,16.85
5/4/10,15.67
5/5/10,15.1
5/6/10,14.65
5/7/10,14.34
5/10/10,14.9
5/11/10,14.77
5/12/10,15.1
5/13/10,14.9
5/14/10,14.5
5/17/10,14.4
5/18/10,13.62
5/19/10,14.07
5/20/10,13.8
5/21/10,13.66
5/24/10,13.31
5/25/10,13.09
5/26/10,12.75
5/27/10,13.5
5/28/10,13.45
6/1/10,12.96
6/2/10,13.2
6/3/10,13.42
6/4/10,13.05
6/7/10,12.75
6/8/10,12.67
6/9/10,12.58
6/10/10,13.25
6/11/10,13.49
6/14/10,13.7
6/15/10,14.34
6/16/10,14.3
6/17/10,14.37
6/18/10,14.45
6/21/10,14.24
6/22/10,14.22
6/23/10,14.86
6/24/10,14.58
6/25/10,14.62
6/28/10,14.75
6/29/10,13.71
6/30/10,13.75
7/1/10,14.15
7/2/10,14.23
7/6/10,14.5
7/7/10,14.85
7/8/10,15.19
7/9/10,15.32
7/12/10,15.33
7/13/10,15.67
7/14/10,15.72
7/15/10,15.62
7/16/10,15.21
7/19/10,15.44
7/20/10,15.35
7/21/10,15.13
7/22/10,15.65
7/23/10,16.200001
7/26/10,16.41
7/27/10,16.450001
7/28/10,16.6
7/29/10,15.95
7/30/10,16.280001
8/2/10,16.68
8/3/10,17.35
8/4/10,17.15
8/5/10,17.209999
8/6/10,16.950001
8/9/10,17.200001
8/10/10,16.83
8/11/10,15.85
8/12/10,15.76
8/13/10,15.61
8/16/10,15.7
8/17/10,16.1
8/18/10,16.25
8/19/10,16.01
8/20/10,15.91
8/23/10,15.74
8/24/10,15.58
8/25/10,15.5
8/26/10,15.73
8/27/10,16
8/30/10,15.69
8/31/10,15.64
9/1/10,16.42
9/2/10,16.49
9/3/10,16.799999
9/7/10,16.290001
9/8/10,16.35
9/9/10,16.67
9/10/10,16.67
9/13/10,17.17
9/14/10,17.4
9/15/10,17.290001
9/16/10,17.120001
9/17/10,17.25
9/20/10,17.450001
9/21/10,18.08
9/22/10,17.83
9/23/10,17.280001
9/24/10,18.200001
9/27/10,18.049999
9/28/10,18.5
9/29/10,18.51
9/30/10,18.440001
10/1/10,18.75
10/4/10,18.290001
10/5/10,19.1
10/6/10,19.4
10/7/10,19.450001
10/8/10,20.040001
10/11/10,19.83
10/12/10,19.950001
10/13/10,20.639999
10/14/10,20.799999
10/15/10,20.77
10/18/10,21.6
10/19/10,20.5
10/20/10,20.700001
10/21/10,20.85
10/22/10,21.129999
10/25/10,21.16
10/26/10,20.940001
10/27/10,21.25
10/28/10,21.610001
10/29/10,21.34
11/1/10,21.379999
11/2/10,21.73
11/3/10,22.43
11/4/10,23.110001
11/5/10,22.860001
11/8/10,22.700001
11/9/10,21.9
11/10/10,21.98
11/11/10,21.549999
11/12/10,21.799999
11/15/10,21.799999
11/16/10,20.99
11/17/10,21.51
11/18/10,22.110001
11/19/10,22.27
11/22/10,22.49
11/23/10,21.43
11/24/10,22.040001
11/26/10,22
11/29/10,21.700001
11/30/10,21.25
12/1/10,22.35
12/2/10,22.93
12/3/10,23.25
12/6/10,23.25
12/7/10,23.120001
12/8/10,23.440001
12/9/10,22.299999
12/10/10,22.549999
12/13/10,22.870001
12/14/10,23.200001
12/15/10,22.200001
12/16/10,22.049999
12/17/10,22.1
12/20/10,21.860001
12/21/10,21.700001
12/22/10,21.67
12/23/10,21.84
12/27/10,21.85
12/28/10,21.780001
12/29/10,21.959999
12/30/10,21.6
12/31/10,21.76
1/3/11,22.360001
1/4/11,22.98
1/5/11,22.299999
1/6/11,22.549999
1/7/11,22.35
1/10/11,22.09
1/11/11,22.35
1/12/11,22.65
1/13/11,22.370001
1/14/11,22.6
1/18/11,22.34
1/19/11,21.51
1/20/11,21.549999
1/21/11,21.549999
1/24/11,21.52
1/25/11,21.450001
1/26/11,22.049999
1/27/11,21.76
1/28/11,21.120001
1/31/11,21.1
2/1/11,21.469999
2/2/11,21.190001
2/3/11,21
2/4/11,20.75
2/7/11,21.25
2/8/11,21.610001
2/9/11,21.709999
2/10/11,20.99
2/11/11,21.110001
2/14/11,20.950001
2/15/11,21.18
2/16/11,21.360001
2/17/11,21.110001
2/18/11,21.290001
2/22/11,20.540001
2/23/11,20.389999
2/24/11,20.129999
2/25/11,20.219999
2/28/11,20.360001
3/1/11,20.030001
3/2/11,19.99
3/3/11,20.809999
3/4/11,20.200001
3/7/11,20.120001
3/8/11,20.299999
3/9/11,20.799999
3/10/11,20.57
3/11/11,20.6
3/14/11,20.700001
3/15/11,19.6
3/16/11,18.67
3/17/11,19.120001
3/18/11,19.52
3/21/11,20.389999
3/22/11,20.25
3/23/11,20.120001
3/24/11,20.709999
3/25/11,20.65
3/28/11,20.709999
3/29/11,21.17
3/30/11,21.32
3/31/11,21.26
4/1/11,21.200001
4/4/11,21.15
4/5/11,20.93
4/6/11,21.41
4/7/11,21.25
4/8/11,21.059999
4/11/11,20.77
4/12/11,21.530001
4/13/11,21.66
4/14/11,21.790001
4/15/11,21.65
4/18/11,20.870001
4/19/11,21.1
4/20/11,21.75
4/21/11,21.73
4/25/11,21.68
4/26/11,21.940001
4/27/11,22.98
4/28/11,22.879999
4/29/11,21.950001
5/2/11,21.969999
5/3/11,21.559999
5/4/11,21.74
5/5/11,21.190001
5/6/11,21.6
5/9/11,21.68
5/10/11,21.98
5/11/11,21.540001
5/12/11,22.33
5/13/11,21.790001
5/16/11,22.1
5/17/11,22.08
5/18/11,22.110001
5/19/11,22.440001
5/20/11,22.049999
5/23/11,21.1
5/24/11,20.76
5/25/11,21.16
5/26/11,21.209999
5/27/11,21.309999
5/31/11,21.66
6/1/11,21.389999
6/2/11,21.35
6/3/11,21.43
6/6/11,21.040001
6/7/11,21.110001
6/8/11,20.41
6/9/11,20.379999
6/10/11,19.959999
6/13/11,20.1
6/14/11,20.27
6/15/11,19.9
6/16/11,19.59
6/17/11,19.969999
6/20/11,20.18
6/21/11,20.74
6/22/11,20.610001
6/23/11,20.73
6/24/11,20.610001
6/27/11,21.07
6/28/11,21.48
6/29/11,21.530001
6/30/11,21.82
7/1/11,22.129999
7/5/11,22.049999
7/6/11,21.98
7/7/11,21.860001
7/8/11,21.59
7/11/11,20.360001
7/12/11,19.82
7/13/11,20.209999
7/14/11,19.92
7/15/11,20.030001
7/18/11,19.51
7/19/11,19.91
7/20/11,20.209999
7/21/11,20.879999
7/22/11,21.030001
7/25/11,21.059999
7/26/11,21.26
7/27/11,20.51
7/28/11,19.92
7/29/11,20.15
8/1/11,19.65
8/2/11,18.93
8/3/11,18.9
8/4/11,17.200001
8/5/11,18.25
8/8/11,16.4
8/9/11,17.25
8/10/11,16.48
8/11/11,17.09
8/12/11,17.57
8/15/11,18.049999
8/16/11,17.6
8/17/11,17.41
8/18/11,16.280001
8/19/11,15.65
8/22/11,15.46
8/23/11,15.55
8/24/11,15.96
8/25/11,15.3
8/26/11,15.77
8/29/11,16.110001
8/30/11,16.200001
8/31/11,16.959999
9/1/11,16.459999
9/2/11,15.91
9/6/11,14.97
9/7/11,15.81
9/8/11,15.18
9/9/11,14.38
9/12/11,14.38
9/13/11,14.12
9/14/11,15.24
9/15/11,15.69
9/16/11,15.34
9/19/11,14.99
9/20/11,13.99
9/21/11,13.21
9/22/11,12.46
9/23/11,12.64
9/26/11,13.08
9/27/11,13.62
9/28/11,13.13
9/29/11,13.65
9/30/11,12.93
10/3/11,12.29
10/4/11,12.25
10/5/11,12.76
10/6/11,12.82
10/7/11,12.87
10/10/11,13.61
10/11/11,13.36
10/12/11,13.73
10/13/11,13.52
10/14/11,13.55
10/17/11,13.28
10/18/11,13.62
10/19/11,13.56
10/20/11,13.26
10/21/11,13.57
10/24/11,14.13
10/25/11,13.94
10/26/11,14.25
10/27/11,14.85
10/28/11,14.67
10/31/11,13.65
11/1/11,12.73
11/2/11,13.48
11/3/11,14.46
11/4/11,13.83
11/7/11,13.77
11/8/11,13.83
11/9/11,12.76
11/10/11,12.96
11/11/11,13.53
11/14/11,13.31
11/15/11,13.11
11/16/11,12.51
11/17/11,12.12
11/18/11,12.07
11/21/11,11.8
11/22/11,11.31
11/23/11,11.3
11/25/11,11.39
11/28/11,11.99
11/29/11,12.21
11/30/11,13.03
12/1/11,12.94
12/2/11,12.82
12/5/11,12.93
12/6/11,12.78
12/7/11,12.37
12/8/11,11.64
12/9/11,12.17
12/12/11,11.37
12/13/11,11.01
12/14/11,11.15
12/15/11,11.38
12/16/11,11.55
12/19/11,11.44
12/20/11,11.98
12/21/11,11.78
12/22/11,12
12/23/11,11.92
12/27/11,11.93
12/28/11,11.67
12/29/11,11.85
12/30/11,11.78
1/3/12,12.62
1/4/12,12.18
1/5/12,11.78
1/6/12,11.54
1/9/12,11.37
1/10/12,11.41
1/11/12,11.65
1/12/12,11.77
1/13/12,11.36
1/17/12,12.08
1/18/12,12.44
1/19/12,13.15
1/20/12,13.16
1/23/12,13.41
1/24/12,13.45
1/25/12,13.59
1/26/12,14.03
1/27/12,14.39
1/30/12,13.9
1/31/12,13.9
2/1/12,14.42
2/2/12,14.57
2/3/12,14.85
2/6/12,14.62
2/7/12,14.82
2/8/12,14.97
2/9/12,14.71
2/10/12,14.1
2/13/12,14.2
2/14/12,13.77
2/15/12,13.83
2/16/12,13.96
2/17/12,14.29
2/21/12,14.18
2/22/12,13.89
2/23/12,13.82
2/24/12,13.94
2/27/12,13.56
2/28/12,13.89
2/29/12,13.84
3/1/12,13.79
3/2/12,13.76
3/5/12,13.68
3/6/12,13.15
3/7/12,13.12
3/8/12,13.15
3/9/12,12.87
3/12/12,12.93
3/13/12,13.25
3/14/12,13.7
3/15/12,13.6
3/16/12,13.75
3/19/12,13.79
3/20/12,13.81
3/21/12,13.65
3/22/12,13.47
3/23/12,13.59
3/26/12,13.87
3/27/12,14.15
3/28/12,13.99
3/29/12,13.69
3/30/12,14.06
4/2/12,13.96
4/3/12,13.91
4/4/12,13.29
4/5/12,13.2
4/9/12,13.18
4/10/12,12.92
4/11/12,13.17
4/12/12,13.53
4/13/12,12.99
4/16/12,12.89
4/17/12,13.23
4/18/12,13.03
4/19/12,12.85
4/20/12,12.95
4/23/12,12.35
4/24/12,12.6
4/25/12,13.09
4/26/12,12.95
4/27/12,13.22
4/30/12,12.97
5/1/12,13.08
5/2/12,12.87
5/3/12,12.76
5/4/12,12.1
5/7/12,11.9
5/8/12,11.73
5/9/12,11.67
5/10/12,11.85
5/11/12,11.83
5/14/12,11.54
5/15/12,11
5/16/12,10.99
5/17/12,10.77
5/18/12,10.78
5/21/12,10.96
5/22/12,10.96
5/23/12,10.65
5/24/12,10.55
5/25/12,10.5
5/29/12,10.8
5/30/12,10.51
5/31/12,10.52
6/1/12,10.24
6/4/12,10.23
6/5/12,10.03
6/6/12,10.42
6/7/12,10.34
6/8/12,10.29
6/11/12,10.04
6/12/12,10.03
6/13/12,9.99
6/14/12,10.05
6/15/12,10.27
6/18/12,10.31
6/19/12,10.86
6/20/12,11.12
6/21/12,11
6/22/12,11.27
6/25/12,10.9
6/26/12,11.01
6/27/12,11.06
6/28/12,10.9
6/29/12,11.49
7/2/12,11.42
7/3/12,11.61
7/5/12,11.34
7/6/12,11.37
7/9/12,11.58
7/10/12,11.62
7/11/12,11.63
7/12/12,11.72
7/13/12,11.89
7/16/12,12.09
7/17/12,11.9
7/18/12,11.96
7/19/12,12.07
7/20/12,11.91
7/23/12,11.71
7/24/12,11.54
7/25/12,11.73
7/26/12,12.22
7/27/12,12.56
7/30/12,12.65
7/31/12,12.59
8/1/12,12.54
8/2/12,12.26
8/3/12,12.64
8/6/12,12.69
8/7/12,12.65
8/8/12,12.25
8/9/12,12.05
8/10/12,12.17
8/13/12,12.24
8/14/12,12.26
8/15/12,12.16
8/16/12,12.3
8/17/12,12.18
8/20/12,12.04
8/21/12,12.26
8/22/12,12.38
8/23/12,12.32
8/24/12,12.3
8/27/12,12.33
8/28/12,12.29
8/29/12,12.1
8/30/12,12.19
8/31/12,12.22
9/4/12,12.11
9/5/12,12.05
9/6/12,12.53
9/7/12,12.88
9/10/12,13.11
9/11/12,13.6
9/12/12,13.84
9/13/12,13.97
9/14/12,14.01
9/17/12,13.93
9/18/12,13.9
9/19/12,13.99
9/20/12,14.15
9/21/12,14.11
9/24/12,13.86
9/25/12,13.9
9/26/12,13.69
9/27/12,13.92
9/28/12,13.58
10/1/12,13.64
10/2/12,13.95
10/3/12,14.06
10/4/12,14.16
10/5/12,14.12
10/8/12,13.96
10/9/12,13.71
10/10/12,13.66
10/11/12,13.9
10/12/12,13.95
10/15/12,13.97
10/16/12,14.12
10/17/12,14.44
10/18/12,14.73
10/19/12,14.54
10/22/12,14.4
10/23/12,13.91
10/24/12,13.71
10/25/12,13.89
10/26/12,13.95
10/31/12,14.91
11/1/12,15.63
11/2/12,15.62
11/5/12,15.57
11/6/12,15.98
11/7/12,15.81
11/8/12,15.55
11/9/12,15.53
11/12/12,15.63
11/13/12,15.86
11/14/12,15.76
11/15/12,15.08
11/16/12,14.85
11/19/12,15.19
11/20/12,15.37
11/21/12,15.25
11/23/12,16.25
11/26/12,16.74
11/27/12,16.51
11/28/12,16.620001
11/29/12,16.719999
11/30/12,16.620001
12/3/12,16.68
12/4/12,17.299999
12/5/12,17.549999
12/6/12,17.48
12/7/12,17.129999
12/10/12,16.969999
12/11/12,17.33
12/12/12,17.85
12/13/12,18.030001
12/14/12,18.059999
12/17/12,18.370001
12/18/12,18.9
12/19/12,19.049999
12/20/12,19.02
12/21/12,19.09
12/24/12,18.9
12/26/12,19.1
12/27/12,18.959999
12/28/12,18.76
12/31/12,19.290001
1/2/13,19.440001
1/3/13,19.41
1/4/13,19.59
1/7/13,19.709999
1/8/13,19.280001
1/9/13,19.299999
1/10/13,19.33
1/11/13,19.280001
1/14/13,19.35
1/15/13,18.969999
1/16/13,18.98
1/17/13,19.59
1/18/13,19.23
1/22/13,19.82
1/23/13,19.65
1/24/13,20.1
1/25/13,20.450001
1/28/13,20.450001
1/29/13,20.32
1/30/13,20.1
1/31/13,19.77
2/1/13,20.15
2/4/13,19.35
2/5/13,19.450001
2/6/13,19.860001
2/7/13,19.6
2/8/13,19.9
2/11/13,19.82
2/12/13,20.200001
2/13/13,20.690001
2/14/13,20.370001
2/15/13,20.6
2/19/13,20.4
2/20/13,19.82
2/21/13,19.709999
2/22/13,19.9
2/25/13,19.23
2/26/13,19.43
2/27/13,19.65
2/28/13,20.139999
3/1/13,20.059999
3/4/13,20.16
3/5/13,20.33
3/6/13,20.129999
3/7/13,20.110001
3/8/13,19.889999
3/11/13,19.620001
3/12/13,20.209999
3/13/13,20
3/14/13,20.780001
3/15/13,21.030001
3/18/13,21.379999
3/19/13,20.91
3/20/13,20.940001
3/21/13,20.309999
3/22/13,20.32
3/25/13,20.129999
3/26/13,20.040001
3/27/13,19.540001
3/28/13,19.540001
4/1/13,19.389999
4/2/13,19.75
4/3/13,19.870001
4/4/13,19.25
4/5/13,18.379999
4/8/13,18.030001
4/9/13,18.25
4/10/13,18.76
4/11/13,19.040001
4/12/13,18.610001
4/15/13,18.370001
4/16/13,19.18
4/17/13,18.65
4/18/13,18.120001
4/19/13,18.1
4/22/13,18.41
4/23/13,19.059999
4/24/13,19.4
4/25/13,19.41
4/26/13,19.139999
4/29/13,19.530001
4/30/13,19.92
5/1/13,19.84
5/2/13,20.5
5/3/13,20.6
5/6/13,20.370001
5/7/13,20.74
5/8/13,20.950001
5/9/13,20.68
5/10/13,20.809999
5/13/13,20.34
5/14/13,20.27
5/15/13,20.18
5/16/13,20.120001
5/17/13,19.92
5/20/13,20.59
5/21/13,20.83
5/22/13,21.08
5/23/13,20.9
5/24/13,20.74
5/28/13,21.309999
5/29/13,20.77
5/30/13,21.83
5/31/13,21.57
6/3/13,21.870001
6/4/13,22.200001
6/5/13,21.950001
6/6/13,21.959999
6/7/13,21.48
6/10/13,21.6
6/11/13,21.6
6/12/13,21.1
6/13/13,21.24
6/14/13,21.129999
6/17/13,21.32
6/18/13,21.370001
6/19/13,21.07
6/20/13,20.51
6/21/13,20.459999
6/24/13,19.940001
6/25/13,19.98
6/26/13,19.98
6/27/13,20.24
6/28/13,20.24
7/1/13,20.52
7/2/13,20.440001
7/3/13,19.82
7/5/13,19.59
7/8/13,19.459999
7/9/13,19.51
7/10/13,19.629999
7/11/13,19.950001
7/12/13,20.040001
7/15/13,20.049999
7/16/13,20.42
7/17/13,19.99
7/18/13,20.030001
7/19/13,20.33
7/22/13,20.290001
7/23/13,19.93
7/24/13,20.35
7/25/13,20.780001
7/26/13,20.530001
7/29/13,20.33
7/30/13,20.15
7/31/13,19.950001
8/1/13,20.459999
8/2/13,19.48
8/5/13,19.65
8/6/13,19.27
8/7/13,18.959999
8/8/13,19.48
8/9/13,19.82
8/12/13,19.440001
8/13/13,19.639999
8/14/13,19.440001
8/15/13,19.07
8/16/13,18.91
8/19/13,18.85
8/20/13,18.889999
8/21/13,18.799999
8/22/13,19.17
8/23/13,19.299999
8/26/13,19.219999
8/27/13,18.559999
8/28/13,17.940001
8/29/13,18.129999
8/30/13,17.83
9/3/13,17.469999
9/4/13,17.08
9/5/13,16.969999
9/6/13,17
9/9/13,17.42
9/10/13,18.370001
9/11/13,18.57
9/12/13,18.5
9/13/13,18.469999
9/16/13,18.57
9/17/13,18.51
9/18/13,18.860001
9/19/13,18.66
9/20/13,18.83
9/23/13,18.790001
9/24/13,19
9/25/13,19.59
9/26/13,19.77
9/27/13,19.690001
9/30/13,19.450001
10/1/13,19.74
10/2/13,19.379999
10/3/13,19.15
10/4/13,19.530001
10/7/13,19.309999
10/8/13,18.98
10/9/13,18.99
10/10/13,19.25
10/11/13,19.139999
10/14/13,19.030001
10/15/13,19.1
10/16/13,19.030001
10/17/13,19.85
10/18/13,20.200001
10/21/13,20.290001
10/22/13,19.950001
10/23/13,20.040001
10/24/13,20.27
10/25/13,19.950001
10/28/13,19.639999
10/29/13,19.719999
10/30/13,20.15
10/31/13,19.32
11/1/13,19.33
11/4/13,19.459999
11/5/13,19.34
11/6/13,19.360001
11/7/13,19
11/8/13,19.41
11/11/13,19.74
11/12/13,19.93
11/13/13,19.83
11/14/13,20.049999
11/15/13,20.52
11/18/13,20.530001
11/19/13,20.83
11/20/13,20.67
11/21/13,21.15
11/22/13,21.389999
11/25/13,21.6
11/26/13,21.6
11/27/13,21.66
11/29/13,21.74
12/2/13,21.620001
12/3/13,20.879999
12/4/13,21.02
12/5/13,21.08
12/6/13,21.139999
12/9/13,21.049999
12/10/13,21.030001
12/11/13,21.049999
12/12/13,20.809999
12/13/13,20.709999
12/16/13,21.219999
12/17/13,20.969999
12/18/13,20.969999
12/19/13,21.09
12/20/13,20.940001
12/23/13,20.93
12/24/13,20.9
12/26/13,21.110001
12/27/13,21.16
12/30/13,21.450001
12/31/13,21.389999
1/2/14,20.76
1/3/14,20.92
1/6/14,20.809999
1/7/14,21.26
1/8/14,21.690001
1/9/14,21.83
1/10/14,23.690001
1/13/14,23.860001
1/14/14,24.280001
1/15/14,25.25
1/16/14,25
1/17/14,24.299999
1/21/14,24.709999
1/22/14,24.83
1/23/14,24.799999
1/24/14,23.82
1/27/14,24.219999
1/28/14,24.48
1/29/14,23.74
1/30/14,23.860001
1/31/14,23.799999
2/3/14,23.09
2/4/14,23.18
2/5/14,23.34
2/6/14,23.65
2/7/14,24.1
2/10/14,24.030001
2/11/14,24.58
2/12/14,24.700001
2/13/14,24.84
2/14/14,24.82
2/18/14,25.32
2/19/14,25.15
2/20/14,25.200001
2/21/14,25.030001
2/24/14,25.700001
2/25/14,26
2/26/14,25.959999
2/27/14,25.98
2/28/14,25.709999
3/3/14,24.68
3/4/14,25.27
3/5/14,25.540001
3/6/14,25.4
3/7/14,24.959999
3/10/14,24.84
3/11/14,25.16
3/12/14,24.91
3/13/14,25.450001
3/14/14,26.120001
3/17/14,26.51
3/18/14,26.559999
3/19/14,26.870001
3/20/14,26.950001
3/21/14,26.57
3/24/14,26.02
3/25/14,26.120001
3/26/14,26.059999
3/27/14,25.690001
3/28/14,26.190001
3/31/14,26.27
4/1/14,26.700001
4/2/14,27.15
4/3/14,27
4/4/14,27.870001
4/7/14,27.4
4/8/14,26.870001
4/9/14,27.200001
4/10/14,26.84
4/11/14,26.379999
4/14/14,25.57
4/15/14,25.040001
4/16/14,25.41
4/17/14,25.93
4/21/14,26.02
4/22/14,26.700001
4/23/14,26.51
4/24/14,26.52
4/25/14,25.030001
4/28/14,25.049999
4/29/14,25.120001
4/30/14,25.16
5/1/14,25.16
5/2/14,25
5/5/14,24.610001
5/6/14,25.26
5/7/14,25.1
5/8/14,25.139999
5/9/14,24.48
5/12/14,25.43
5/13/14,25.139999
5/14/14,25.059999
5/15/14,24.620001
5/16/14,24.370001
5/19/14,25.200001
5/20/14,24.99
5/21/14,25.040001
5/22/14,25.08
5/23/14,25.200001
5/27/14,26.48
5/28/14,26.34
5/29/14,26.440001
5/30/14,26.450001
6/2/14,26.690001
6/3/14,26.48
6/4/14,26.85
6/5/14,27
6/6/14,27.01
6/9/14,26.99
6/10/14,26.950001
6/11/14,23.110001
6/12/14,22.84
6/13/14,22.139999
6/16/14,22
6/17/14,21.51
6/18/14,21.82
6/19/14,21.68
6/20/14,21.51
6/23/14,21.26
6/24/14,21.620001
6/25/14,21.57
6/26/14,21.77
6/27/14,21.57
6/30/14,21.41
7/1/14,21.450001
7/2/14,20.85
7/3/14,21.16
7/7/14,21.16
7/8/14,20.43
7/9/14,20.790001
7/10/14,19.9
7/11/14,19.530001
7/14/14,19.59
7/15/14,19.639999
7/16/14,20.190001
7/17/14,19.559999
7/18/14,19.51
7/21/14,19.25
7/22/14,19.450001
7/23/14,19.59
7/24/14,19.52
7/25/14,19.379999
7/28/14,19.32
7/29/14,19.219999
7/30/14,19.08
7/31/14,17.639999
8/1/14,17.59
8/4/14,17.540001
8/5/14,16.950001
8/6/14,16.969999
8/7/14,16.620001
8/8/14,16.5
8/11/14,17
8/12/14,16.950001
8/13/14,17.040001
8/14/14,16.98
8/15/14,17.049999
8/18/14,17.25
8/19/14,17.65
8/20/14,17.459999
8/21/14,17.58
8/22/14,17.469999
8/25/14,17.450001
8/26/14,17.67
8/27/14,18.17
8/28/14,17.700001
8/29/14,17.389999
9/2/14,17.35
9/3/14,17.82
9/4/14,17.610001
9/5/14,17.76
9/8/14,17.860001
9/9/14,17.6
9/10/14,17.629999
9/11/14,17.67
9/12/14,17.52
9/15/14,17.5
9/16/14,17.309999
9/17/14,17.040001
9/18/14,17.040001
9/19/14,16.93
9/22/14,16.610001
9/23/14,16.360001
9/24/14,16.379999
9/25/14,16.08
9/26/14,16.200001
9/29/14,15.92
9/30/14,15.81
10/1/14,15.34
10/2/14,15.13
10/3/14,15.38
10/6/14,15.27
10/7/14,14.42
10/8/14,14.62
10/9/14,13.91
10/10/14,13.72
10/13/14,13.83
10/14/14,14.19
10/15/14,14.35
10/16/14,14.65
10/17/14,14.91
10/20/14,15.07
10/21/14,15.45
10/22/14,15.25
10/23/14,15.61
10/24/14,15.54
10/27/14,15.5
10/28/14,15.84
10/29/14,15.63
10/30/14,14.72
10/31/14,14.9
11/3/14,14.8
11/4/14,15.27
11/5/14,15.61
11/6/14,16
11/7/14,15.85
11/10/14,16.190001
11/11/14,16.43
11/12/14,16.209999
11/13/14,16.34
11/14/14,16.52
11/17/14,16.43
11/18/14,16.67
11/19/14,16.57
11/20/14,16.65
11/21/14,16.6
11/24/14,16.629999
11/25/14,16.639999
11/26/14,16.719999
11/28/14,17.879999
12/1/14,17.93
12/2/14,17.620001
12/3/14,17.709999
12/4/14,18.07
12/5/14,18.26
12/8/14,18.02
12/9/14,17.549999
12/10/14,17.360001
12/11/14,17.4
12/12/14,17.32
12/15/14,16.870001
12/16/14,17.450001
12/17/14,17.16
12/18/14,17.26
12/19/14,16.65
12/22/14,16.700001
12/23/14,16.809999
12/24/14,16.940001
12/26/14,16.9
12/29/14,16.719999
12/30/14,16.75
12/31/14,16.66
1/2/15,16.889999
1/5/15,16.82
1/6/15,16.719999
1/7/15,17.09
1/8/15,16.76
1/9/15,16.790001
1/12/15,16.98
1/13/15,17.360001
1/14/15,17.299999
1/15/15,17.110001
1/16/15,16.66
1/20/15,17.379999
1/21/15,17.57
1/22/15,17.450001
1/23/15,16.76
1/26/15,17.379999
1/27/15,17.290001
1/28/15,16.82
1/29/15,17.139999
1/30/15,16.950001
2/2/15,16.59
2/3/15,16.440001
2/4/15,16.200001
2/5/15,16.35
2/6/15,15.62
2/9/15,15.22
2/10/15,15.42
2/11/15,15.3
2/12/15,15.69
2/13/15,15.38
2/17/15,15.7
2/18/15,15.9
2/19/15,15.79
2/20/15,15.29
2/23/15,15.18
2/24/15,15.35
2/25/15,15.06
2/26/15,14.8
2/27/15,14.65
3/2/15,14.58
3/3/15,14.72
3/4/15,14.53
3/5/15,14.36
3/6/15,14.18
3/9/15,14.38
3/10/15,14.04
3/11/15,14.17
3/12/15,13.94
3/13/15,13.77
3/16/15,13.94
3/17/15,14.18
3/18/15,14.43
3/19/15,14.7
3/20/15,15.23
3/23/15,15.09
3/24/15,14.85
3/25/15,14.67
3/26/15,14.23
3/27/15,14.29
3/30/15,14.21
3/31/15,14
4/1/15,14.03
4/2/15,13.87
4/6/15,14
4/7/15,13.53
4/8/15,13.77
4/9/15,13.65
4/10/15,13.73
4/13/15,13.67
4/14/15,13.72
4/15/15,13.6
4/16/15,13.46
4/17/15,13.27
4/20/15,13.19
4/21/15,13.41
4/22/15,13.41
4/23/15,13.32
4/24/15,13.36
4/27/15,14.01
4/28/15,13.87
4/29/15,13.91
4/30/15,13.9
5/1/15,14.01
5/4/15,14.25
5/5/15,13.88
5/6/15,14.25
5/7/15,14.45
5/8/15,14.78
5/11/15,15.2
5/12/15,15.13
5/13/15,15.53
5/14/15,15.87
5/15/15,15.74
5/18/15,15.55
5/19/15,15.28
5/20/15,15.04
5/21/15,14.98
5/22/15,14.72
5/26/15,14.36
5/27/15,14.62
5/28/15,14.49
5/29/15,14.18
6/1/15,13.95
6/2/15,14.06
6/3/15,14.3
6/4/15,14.01
6/5/15,13.79
6/8/15,13.9
6/9/15,13.93
6/10/15,14.15
6/11/15,13.88
6/12/15,13.74
6/15/15,13.31
6/16/15,13.36
6/17/15,13.14
6/18/15,13.23
6/19/15,13.23
6/22/15,13.36
6/23/15,13.16
6/24/15,13.29
6/25/15,13.26
6/26/15,13.29
6/29/15,13.03
6/30/15,13
7/1/15,12.86
7/2/15,12.99
7/6/15,12.72
7/7/15,12.7
7/8/15,12.68
7/9/15,13.02
7/10/15,13.81
7/13/15,13.66
7/14/15,13.77
7/15/15,13.9
7/16/15,14.06
7/17/15,13.98
7/20/15,13.97
7/21/15,13.97
7/22/15,14.02
7/23/15,14
7/24/15,13.88
7/27/15,13.99
7/28/15,14.11
7/29/15,13.98
7/30/15,13.49
7/31/15,13.54
8/3/15,13.58
8/4/15,13.07
8/5/15,13.14
8/6/15,13.29
8/7/15,13.31
8/10/15,13.48
8/11/15,13.52
8/12/15,13.72
8/13/15,13.32
8/14/15,13.25
8/17/15,13.14
8/18/15,13.09
8/19/15,12.86
8/20/15,12.81
8/21/15,12.21
8/24/15,12.19
8/25/15,12.37
8/26/15,12.68
8/27/15,12.51
8/28/15,12.33
8/31/15,12.13
9/1/15,12.02
9/2/15,12.09
9/3/15,12.07
9/4/15,12.73
9/8/15,13.14
9/9/15,13
9/10/15,13.3
9/11/15,13.4
9/14/15,13.43
9/15/15,13.49
9/16/15,13.56
9/17/15,13.53
9/18/15,13.23
9/21/15,13.17
9/22/15,12.75
9/23/15,13.27
9/24/15,13.17
9/25/15,13.2
9/28/15,13.12
9/29/15,13.13
9/30/15,13.87
10/1/15,13.73
10/2/15,14.3
10/5/15,14.93
10/6/15,15.09
10/7/15,14.89
10/8/15,15.47
10/9/15,15.26
10/12/15,15.32
10/13/15,15.36
10/14/15,15.55
10/15/15,15.4
10/16/15,15.43
10/19/15,15.6
10/20/15,15.46
10/21/15,15.55
10/22/15,15.18
10/23/15,15.28
10/26/15,15.54
10/27/15,15.5
10/28/15,15.62
10/29/15,14.42
10/30/15,14.71
11/2/15,14.92
11/3/15,15.12
11/4/15,15.19
11/5/15,14.7
11/6/15,14.82
11/9/15,14.6
11/10/15,14.58
11/11/15,14.45
11/12/15,14.43
11/13/15,14.28
11/16/15,13.98
11/17/15,14.05
11/18/15,14.09
11/19/15,14.67
11/20/15,14.61
11/23/15,14.2
11/24/15,13.82
11/25/15,14.05
11/27/15,14.18
11/30/15,14.3
12/1/15,14.61
12/2/15,14.49
12/3/15,14.62
12/4/15,15.13
12/7/15,15.09
12/8/15,14.91
12/9/15,14.78
12/10/15,14.88
12/11/15,14.58
12/14/15,14.55
12/15/15,14.99
12/16/15,15.26
12/17/15,15.26
12/18/15,15.28
12/21/15,15.83
12/22/15,15.79
12/23/15,15.8
12/24/15,15.8
12/28/15,16.030001
12/29/15,16.1
12/30/15,15.88
12/31/15,15.71
1/4/16,15.74
1/5/16,16.01
1/6/16,16.25
1/7/16,16.17
1/8/16,16.120001
1/11/16,16.059999
1/12/16,15.68
1/13/16,15
1/14/16,15.05
1/15/16,14.83
1/19/16,14.86
1/20/16,14.46
1/21/16,15.09
1/22/16,15.41
1/25/16,15.24
1/26/16,15.44
1/27/16,15.29
1/28/16,14.77
1/29/16,14.6
2/1/16,15.1
2/2/16,14.96
2/3/16,14.81
2/4/16,14.48
2/5/16,14.31
2/8/16,13.67
2/9/16,13.76
2/10/16,14.04
2/11/16,13.94
2/12/16,13.92
2/16/16,14.02
2/17/16,14.47
2/18/16,14.85
2/19/16,15.07
2/22/16,14.86
2/23/16,14.9
2/24/16,14.75
2/25/16,15.17
2/26/16,14.86
2/29/16,14.85
3/1/16,15.37
3/2/16,15.21
3/3/16,15.24
3/4/16,15.91
3/7/16,15.93
3/8/16,15.72
3/9/16,15.82
3/10/16,15.9
3/11/16,16.610001
3/14/16,16.549999
3/15/16,16.67
3/16/16,17.1
3/17/16,16.5
3/18/16,16.309999
3/21/16,16.030001
3/22/16,15.77
3/23/16,15.88
3/24/16,15.62
3/28/16,15.79
3/29/16,15.9
3/30/16,15.9
3/31/16,16.139999
4/1/16,16
4/4/16,15.77
4/5/16,15.65
4/6/16,15.59
4/7/16,15.56
4/8/16,15.68
4/11/16,15.95
4/12/16,15.9
4/13/16,15.82
4/14/16,15.9
4/15/16,15.96
4/18/16,15.78
4/19/16,16
4/20/16,15.89
4/21/16,15.63
4/22/16,15.65
4/25/16,15.6
4/26/16,15.21
4/27/16,15.57
4/28/16,15.66
4/29/16,15.52
5/2/16,15.84
5/3/16,15.03
5/4/16,14.56
5/5/16,14.25
5/6/16,14.23
5/9/16,14.15
5/10/16,14.38
5/11/16,14.19
5/12/16,14.12
5/13/16,13.89
5/16/16,13.91
5/17/16,13.84
5/18/16,13.93
5/19/16,13.87
5/20/16,13.81
5/23/16,13.96
5/24/16,13.93
5/25/16,14.16
5/26/16,14.14
5/27/16,14.05
5/31/16,13.95
6/1/16,13.85
6/2/16,13.96
6/3/16,14.11
6/6/16,13.78
6/7/16,13.98
6/8/16,13.85
6/9/16,13.52
6/10/16,12.69
6/13/16,12.71
6/14/16,12.33
6/15/16,12.34
6/16/16,12.46
6/17/16,12.71
6/20/16,13.13
6/21/16,13.23
6/22/16,13.19
6/23/16,13.78
6/24/16,12.12
6/27/16,11.14
6/28/16,11.64
6/29/16,11.57
6/30/16,11.82
7/1/16,12.12
7/5/16,12.02
7/6/16,11.62
7/7/16,11.59
7/8/16,12
7/11/16,12.22
7/12/16,12.59
7/13/16,12.44
7/14/16,12.8
7/15/16,12.57
7/18/16,12.63
7/19/16,12.2
7/20/16,11.74
7/21/16,11.48
7/22/16,11.29
7/25/16,11.3
7/26/16,11.33
7/27/16,11.57
7/28/16,11.66
7/29/16,11.85
8/1/16,11.93
8/2/16,11.61
8/3/16,11.45
8/4/16,11.48
8/5/16,11.61
8/8/16,11.65
8/9/16,12.17
8/10/16,12.07
8/11/16,12
8/12/16,12.25
8/15/16,12.01
8/16/16,11.74
8/17/16,11.66
8/18/16,11.88
8/19/16,11.78
8/22/16,11.8
8/23/16,11.79
8/24/16,11.98
8/25/16,11.72
8/26/16,11.56
8/29/16,11.66
8/30/16,11.67
8/31/16,11.63
9/1/16,11.92
9/2/16,11.93
9/6/16,12.1
9/7/16,11.89
9/8/16,12.29
9/9/16,12.34
9/12/16,12.37
9/13/16,12.26
9/14/16,12.02
9/15/16,11.94
9/16/16,11.65
9/19/16,11.65
9/20/16,11.51
9/21/16,11.64
9/22/16,11.67
9/23/16,11.68
9/26/16,11.53
9/27/16,11.2
9/28/16,11.3
9/29/16,10.87
9/30/16,11.09
10/3/16,11.07
10/4/16,10.79
10/5/16,10.82
10/6/16,10.61
10/7/16,10.42
10/10/16,10.44
10/11/16,10.74
10/12/16,11.23
10/13/16,10.95
10/14/16,11.18
10/17/16,11.11
10/18/16,11.33
10/19/16,11.92
10/20/16,12.25
10/21/16,12.19
10/24/16,12.34
10/25/16,12.42
10/26/16,12.68
10/27/16,12.47
10/28/16,12.73
10/31/16,12.74
11/1/16,12.6
11/2/16,12.41
11/3/16,13.07
11/4/16,12.86
11/7/16,13.39
11/8/16,13.45
11/9/16,13.4
11/10/16,13.56
11/11/16,13.84
11/14/16,13.69
11/15/16,14.13
11/16/16,13.5
11/17/16,13.49
11/18/16,13.6
11/21/16,13.55
11/22/16,13.49
11/23/16,13.46
11/25/16,13.36
11/28/16,13.03
11/29/16,13.19
11/30/16,12.9
12/1/16,13.02
12/2/16,12.92
12/5/16,13.1
12/6/16,13.21
12/7/16,13.54
12/8/16,13.67
12/9/16,13.44
12/12/16,13.23
12/13/16,13.33
12/14/16,13.23
12/15/16,13.15
12/16/16,13.4
12/19/16,13.32
12/20/16,13.26
12/21/16,13.15
12/22/16,13.21
12/23/16,13.42
12/27/16,13.47
12/28/16,13
12/29/16,13.02
12/30/16,12.9
1/3/17,12.93
1/4/17,13.34
1/5/17,13.53
1/6/17,13.06
1/9/17,12.33
1/10/17,12.33
1/11/17,12.34
1/12/17,12.26
1/13/17,12.22
1/17/17,12.68
1/18/17,12.45
1/19/17,12.5
1/20/17,12.93
1/23/17,13.14
1/24/17,13.13
1/25/17,13.5
1/26/17,13.4
1/27/17,13.59
1/30/17,13.46
1/31/17,13.37
2/1/17,13.48
2/2/17,13.29
2/3/17,13.18
2/6/17,12.99
2/7/17,13.15
2/8/17,13.33
2/9/17,13.58
2/10/17,13.43
2/13/17,13.58
2/14/17,13.57
2/15/17,13.84
2/16/17,14.18
2/17/17,14.27
2/21/17,14.41
2/22/17,14.49
2/23/17,14.46
2/24/17,14.53
2/27/17,14.63
2/28/17,14.57
3/1/17,14.79
3/2/17,14.58
3/3/17,14.72
3/6/17,14.73
3/7/17,14.58
3/8/17,14.84
3/9/17,15.3
3/10/17,15.28
3/13/17,15.27
3/14/17,15.03
3/15/17,15.44
3/16/17,16.290001
3/17/17,16.389999
3/20/17,16.129999
3/21/17,15.68
3/22/17,15.72
3/23/17,16.200001
3/24/17,16.18
3/27/17,16.15
3/28/17,16.16
3/29/17,16.07
3/30/17,16.059999
3/31/17,16.18
4/3/17,16.219999
4/4/17,16.389999
4/5/17,16.25
4/6/17,16.15
4/7/17,15.76
4/10/17,16.25
4/11/17,16.809999
4/12/17,16.48
4/13/17,16.08
4/17/17,16.200001
4/18/17,16.23
4/19/17,16.870001
4/20/17,17.07
4/21/17,17.209999
4/24/17,18.059999
4/25/17,18.18
4/26/17,18.190001
4/27/17,17.25
4/28/17,17.18
5/1/17,17.280001
5/2/17,17.690001
5/3/17,17.469999
5/4/17,17.780001
5/5/17,17.51
5/8/17,17.940001
5/9/17,18.040001
5/10/17,18.57
5/11/17,18.219999
5/12/17,18.34
5/15/17,18.559999
5/16/17,18.620001
5/17/17,18.299999
5/18/17,18.08
5/19/17,18.190001
5/22/17,18.290001
5/23/17,18.280001
5/24/17,18.610001
5/25/17,19.139999
5/26/17,19.059999
5/30/17,19.200001
5/31/17,19.41
6/1/17,19.620001
6/2/17,20.049999
6/5/17,19.940001
6/6/17,20.209999
6/7/17,20.280001
6/8/17,20.43
6/9/17,20.75
6/12/17,20.51
6/13/17,21.139999
6/14/17,21.16
6/15/17,20.690001
6/16/17,20.84
6/19/17,20.790001
6/20/17,20.68
6/21/17,20.58
6/22/17,20.549999
6/23/17,20.83
6/26/17,21.32
6/27/17,21.76
6/28/17,22.83
6/29/17,22.52
6/30/17,22.809999
7/3/17,22.93
7/5/17,22.9
7/6/17,23.02
7/7/17,23.379999
7/10/17,23.209999
7/11/17,23.49
7/12/17,23.58
7/13/17,23.85
7/14/17,23.950001
7/17/17,24.559999
7/18/17,24.129999
7/19/17,24.049999
7/20/17,22.120001
7/21/17,21.620001
7/24/17,21.75
7/25/17,21.77
7/26/17,21.959999
7/27/17,21.559999
7/28/17,21.639999
7/31/17,21.469999
8/1/17,22.059999
8/2/17,22.84
8/3/17,22.83
8/4/17,23.049999
8/7/17,23.33
8/8/17,23.450001
8/9/17,23.129999
8/10/17,23.059999
8/11/17,23.139999
8/14/17,23.09
8/15/17,24.17
8/16/17,24.309999
8/17/17,24.129999
8/18/17,24.35
8/21/17,24.59
8/22/17,24.639999
8/23/17,24.6
8/24/17,24.57
8/25/17,24.75
8/28/17,24.719999
8/29/17,24.43
8/30/17,24.24
8/31/17,25.040001
9/1/17,25.82
9/5/17,25.6
9/6/17,26.08
9/7/17,26.43
9/8/17,26.49
9/11/17,27.02
9/12/17,27.5
9/13/17,26.99
9/14/17,26.790001
9/15/17,26.860001
9/18/17,26.799999
9/19/17,27.41
9/20/17,27.1
9/21/17,27.41
9/22/17,27.309999
9/25/17,27.23
9/26/17,26.969999
9/27/17,27.82
9/28/17,27.559999
9/29/17,27.77
10/2/17,28.559999
10/3/17,28.76
10/4/17,28.940001
10/5/17,28.41
10/6/17,28.16
10/9/17,28.07
10/10/17,29.059999
10/11/17,29.139999
10/12/17,29.719999
10/13/17,29.620001
10/16/17,29.83
10/17/17,29.91
10/18/17,30.129999
10/19/17,30.08
10/20/17,30.280001
10/23/17,30.440001
10/24/17,30.870001
10/25/17,32.080002
10/26/17,32.009998
10/27/17,31.67
10/30/17,31.969999
10/31/17,32.16
11/1/17,32.849998
11/2/17,32.779999
11/3/17,32.540001
11/6/17,32.59
11/7/17,32.18
11/8/17,31.07
11/9/17,30.73
11/10/17,31.42
11/13/17,31.440001
11/14/17,32.330002
11/15/17,32.5
11/16/17,33.419998
11/17/17,33.099998
11/20/17,33.759998
11/21/17,33.93
11/22/17,33.330002
11/24/17,34.119999
11/27/17,34.279999
11/28/17,34.400002
11/29/17,34.060001
11/30/17,34.360001
12/1/17,34.950001
12/4/17,35.049999
12/5/17,34.43
12/6/17,34.27
12/7/17,34.91
12/8/17,35.490002
12/11/17,35.299999
12/12/17,34.849998
12/13/17,35.209999
12/14/17,35.209999
12/15/17,35.080002
12/18/17,35.759998
12/19/17,36.580002
12/20/17,36.549999
12/21/17,36.700001
12/22/17,36.869999
12/26/17,37
12/27/17,36.98
12/28/17,37.150002
12/29/17,36.799999
1/2/18,36.529999
1/3/18,37.16
1/4/18,37.060001
1/5/18,36.169998
1/8/18,36.529999
1/9/18,35.939999
1/10/18,36.669998
1/11/18,36.900002
1/12/18,37.07
1/16/18,35.950001
1/17/18,35.68
1/18/18,36.049999
1/19/18,36.299999
1/22/18,35.73
1/23/18,36.360001
1/24/18,36.119999
1/25/18,35.549999
1/26/18,35.919998
1/29/18,35.950001
1/30/18,35.599998
1/31/18,35.669998
2/1/18,35.470001
2/2/18,34.59
2/5/18,33.77
2/6/18,35.32
2/7/18,34.029999
2/8/18,32.099998
2/9/18,32.400002
2/12/18,32.48
2/13/18,33.200001
2/14/18,33.939999
2/15/18,33.560001
2/16/18,33.27
2/20/18,33.299999
2/21/18,33.779999
2/22/18,33.990002
2/23/18,33.470001
2/26/18,33.75
2/27/18,33.130001
2/28/18,33.389999
3/1/18,33.119999
3/2/18,33
3/5/18,33.130001
3/6/18,33.389999
3/7/18,34.490002
3/8/18,33.529999
3/9/18,31.75
3/12/18,32.060001
3/13/18,32.099998
3/14/18,32.490002
3/15/18,33.040001
3/16/18,33.18
3/19/18,32.950001
3/20/18,33.509998
3/21/18,32.689999
3/22/18,32
3/23/18,31.190001
3/26/18,32.23
3/27/18,31.73
3/28/18,30.77
3/29/18,32.02
4/2/18,31.389999
4/3/18,31.68
4/4/18,30.950001
4/5/18,31.52
4/6/18,32.189999
4/9/18,32.68
4/10/18,33.150002
4/11/18,32.41
4/12/18,33.369999
4/13/18,32.759998
4/16/18,33.32
4/17/18,33.470001
4/18/18,33.360001
4/19/18,32.849998
4/20/18,32.07
4/23/18,32.220001
4/24/18,32.139999
4/25/18,31.389999
4/26/18,29.41
4/27/18,29.709999
4/30/18,29.07
5/1/18,28.93
5/2/18,29.709999
5/3/18,29.459999
5/4/18,29.879999
5/7/18,29.91
5/8/18,30
5/9/18,28.889999
5/10/18,29
5/11/18,29.98
5/14/18,30.02
5/15/18,29.75
5/16/18,29.66
5/17/18,29.51
5/18/18,28.91
5/21/18,29.18
5/22/18,29.5
5/23/18,28.34
5/24/18,28.23
5/25/18,28.52
5/29/18,27.74
5/30/18,27.65
5/31/18,27.209999
6/1/18,27.35
6/4/18,27.99
6/5/18,27.700001
6/6/18,28.030001
6/7/18,27.610001
6/8/18,27.17
6/11/18,27.51
6/12/18,27.18
6/13/18,28.08
6/14/18,27.700001
6/15/18,26.77
6/18/18,26.6
6/19/18,26.41
6/20/18,26.370001
6/21/18,26.33
6/22/18,26.469999
6/25/18,25.32
6/26/18,24.59
6/27/18,24.09
6/28/18,23.870001
6/29/18,23.98
7/2/18,23.700001
7/3/18,23.59
7/5/18,23.67
7/6/18,23.66
7/9/18,24.24
7/10/18,23.889999
7/11/18,23.450001
7/12/18,23.52
7/13/18,24
7/16/18,24.16
7/17/18,24
7/18/18,24.85
7/19/18,24.809999
7/20/18,24.85
7/23/18,24.33
7/24/18,24.530001
7/25/18,24.719999
7/26/18,25
7/27/18,25.530001
7/30/18,26.02
7/31/18,28.049999
8/1/18,27.68
8/2/18,27.4
8/3/18,27.01
8/6/18,26.700001
8/7/18,26.860001
8/8/18,27.1
8/9/18,26.709999
8/10/18,26.059999
8/13/18,26.139999
8/14/18,26.24
8/15/18,25.93
8/16/18,26.34
8/17/18,26.559999
8/20/18,26.799999
8/21/18,27.299999
8/22/18,27.18
8/23/18,27.01
8/24/18,27.459999
8/27/18,28
8/28/18,27.870001
8/29/18,27.879999
8/30/18,26.959999
8/31/18,26.1
9/4/18,26.040001
9/5/18,26.200001
9/6/18,26.1
9/7/18,25.610001
9/10/18,25.98
9/11/18,25.700001
9/12/18,26.09
9/13/18,26.290001
9/14/18,26.389999
9/17/18,26.620001
9/18/18,26.83
9/19/18,27.08
9/20/18,27.49
9/21/18,27.309999
9/24/18,27.1
9/25/18,25.719999
9/26/18,25.82
9/27/18,24.66
9/28/18,24.52
10/1/18,23.950001
10/2/18,23.440001
10/3/18,23.73
10/4/18,22.99
10/5/18,22.690001
10/8/18,22.43
10/9/18,22.66
10/10/18,22
10/11/18,21.809999
10/12/18,22.41
10/15/18,21.59
10/16/18,22.15
10/17/18,21.889999
10/18/18,21.639999
10/19/18,20.77
10/22/18,20.799999
10/23/18,21.200001
10/24/18,20.530001
10/25/18,21.43
10/26/18,21.620001
10/29/18,21.23
10/30/18,19.82
10/31/18,20.1
11/1/18,21.809999
11/2/18,22.57
11/5/18,22.309999
11/6/18,22.15
11/7/18,22.799999
11/8/18,22.1
11/9/18,22.99
11/12/18,22.07
11/13/18,23
11/14/18,23.209999
11/15/18,23.02
11/16/18,23.110001
11/19/18,23.030001
11/20/18,22.65
11/21/18,23.190001
11/23/18,23.74
11/26/18,24.32
11/27/18,23.860001
11/28/18,24.110001
11/29/18,24.620001
11/30/18,24.530001
12/3/18,24.120001
12/4/18,22.35
12/6/18,22.610001
12/7/18,21.74
12/10/18,21.889999
12/11/18,21.799999
12/12/18,22.370001
12/13/18,22.030001
12/14/18,21.870001
12/17/18,21.360001
12/18/18,21.950001
12/19/18,21.84
12/20/18,21.969999
12/21/18,22.43
12/24/18,22.35
12/26/18,22.620001
12/27/18,22.629999
12/28/18,22.629999
12/31/18,22.950001
1/2/19,22.559999
1/3/19,22.01
1/4/19,22.67
1/7/19,22.799999
1/8/19,23.129999
1/9/19,23.219999
1/10/19,22.57
1/11/19,22.879999
1/14/19,23.110001
1/15/19,22.610001
1/16/19,23.33
1/17/19,23.549999
1/18/19,23.82
1/22/19,24.15
1/23/19,25.1
1/24/19,24.870001
1/25/19,25.25
1/28/19,25.23
1/29/19,25.34
1/30/19,25.860001
1/31/19,25.299999
2/1/19,25.389999
2/4/19,25.4
2/5/19,25.67
2/6/19,25.780001
2/7/19,25.120001
2/8/19,24.870001
2/11/19,25.040001
2/12/19,25.01
2/13/19,25.059999
2/14/19,24.49
2/15/19,25.389999
2/19/19,25.5
2/20/19,26.15
2/21/19,26.15
2/22/19,26.43
2/25/19,26.559999
2/26/19,26.809999
2/27/19,26.1
2/28/19,25.559999
3/1/19,26.27
3/4/19,25.530001
3/5/19,25.700001
3/6/19,25.24
3/7/19,25
3/8/19,24.950001
3/11/19,25.389999
3/12/19,25.610001
3/13/19,25.870001
3/14/19,24.23
3/15/19,23.940001
3/18/19,23.59
3/19/19,23.639999
3/20/19,23.34
3/21/19,22.950001
3/22/19,22.18