Date,EUR/USD,GBP/USD
2010-01-04,1.441,1.6
2010-01-05,1.4371,1.6
2010-01-06,1.4415,1.59
2010-01-07,1.4313,1.6
2010-01-08,1.4417,1.61
2010-01-11,1.4512,1.62
2010-01-12,1.4492,1.63
2010-01-13,1.4509,1.63
2010-01-14,1.4499,1.62
2010-01-15,1.4379,1.64
2010-01-19,1.43,1.63
2010-01-20,1.4101,1.62
2010-01-21,1.4085,1.61
2010-01-22,1.4131,1.62
2010-01-25,1.4146,1.61
2010-01-26,1.4072,1.62
2010-01-27,1.402,1.62
2010-01-28,1.3969,1.6
2010-01-29,1.3862,1.59
2010-02-01,1.3927,1.6
2010-02-02,1.3957,1.59
2010-02-03,1.3897,1.58
2010-02-04,1.3736,1.56
2010-02-05,1.3662,1.57
2010-02-08,1.3657,1.57
2010-02-09,1.3788,1.56
2010-02-10,1.373,1.57
2010-02-11,1.3686,1.57
2010-02-12,1.3613,1.57
2010-02-16,1.377,1.57
2010-02-17,1.3602,1.56
2010-02-18,1.3616,1.54
2010-02-19,1.3593,1.55
2010-02-22,1.3594,1.55
2010-02-23,1.3509,1.54
2010-02-24,1.3535,1.52
2010-02-25,1.3548,1.52
2010-02-26,1.3618,1.5
2010-03-01,1.3556,1.49
2010-03-02,1.3604,1.51
2010-03-03,1.3701,1.5
2010-03-04,1.3578,1.51
2010-03-05,1.3617,1.51
2010-03-08,1.3633,1.5
2010-03-09,1.3597,1.5
2010-03-10,1.3655,1.51
2010-03-11,1.3675,1.52
2010-03-12,1.3758,1.5
2010-03-15,1.3675,1.52
2010-03-16,1.3775,1.53
2010-03-17,1.3736,1.52
2010-03-18,1.3604,1.5
2010-03-19,1.3527,1.51
2010-03-22,1.3556,1.51
2010-03-23,1.3505,1.49
2010-03-24,1.3309,1.49
2010-03-25,1.3279,1.49
2010-03-26,1.341,1.5
2010-03-29,1.3478,1.51
2010-03-30,1.3415,1.52
2010-03-31,1.3512,1.53
2010-04-01,1.358,1.52
2010-04-02,1.3532,1.53
2010-04-05,1.3484,1.52
2010-04-06,1.34,1.52
2010-04-07,1.3338,1.53
2010-04-08,1.3359,1.54
2010-04-09,1.3496,1.54
2010-04-12,1.3586,1.54
2010-04-13,1.3615,1.55
2010-04-14,1.3653,1.55
2010-04-15,1.3581,1.54
2010-04-16,1.3496,1.53
2010-04-19,1.3491,1.54
2010-04-20,1.3436,1.54
2010-04-21,1.3388,1.54
2010-04-22,1.3289,1.54
2010-04-23,1.3383,1.55
2010-04-26,1.3403,1.53
2010-04-27,1.3152,1.52
2010-04-28,1.3215,1.53
2010-04-29,1.3241,1.53
2010-04-30,1.329,1.52
2010-05-03,1.3194,1.51
2010-05-04,1.2962,1.51
2010-05-05,1.2808,1.49
2010-05-06,1.2634,1.47
2010-05-07,1.2759,1.5
2010-05-10,1.2778,1.5
2010-05-11,1.2634,1.49
2010-05-12,1.2624,1.47
2010-05-13,1.2516,1.46
2010-05-14,1.236,1.44
2010-05-17,1.2391,1.44
2010-05-18,1.2158,1.43
2010-05-19,1.2415,1.43
2010-05-20,1.2462,1.45
2010-05-21,1.257,1.44
2010-05-24,1.2336,1.44
2010-05-25,1.2379,1.44
2010-05-26,1.2161,1.46
2010-05-27,1.2359,1.45
2010-05-28,1.2271,1.47
2010-06-01,1.2214,1.46
2010-06-02,1.2248,1.46
2010-06-03,1.2161,1.45
2010-06-04,1.1969,1.45
2010-06-07,1.1911,1.44
2010-06-08,1.1968,1.46
2010-06-09,1.1984,1.47
2010-06-10,1.2111,1.45
2010-06-11,1.211,1.48
2010-06-14,1.2216,1.48
2010-06-15,1.2323,1.48
2010-06-16,1.2296,1.48
2010-06-17,1.2384,1.48
2010-06-18,1.2386,1.48
2010-06-21,1.231,1.49
2010-06-22,1.2262,1.5
2010-06-23,1.2316,1.5
2010-06-24,1.2328,1.5
2010-06-25,1.2368,1.51
2010-06-28,1.228,1.51
2010-06-29,1.2184,1.49
2010-06-30,1.2231,1.51
2010-07-01,1.2515,1.52
2010-07-02,1.2565,1.52
2010-07-06,1.2626,1.52
2010-07-07,1.2632,1.52
2010-07-08,1.2689,1.51
2010-07-09,1.2639,1.5
2010-07-12,1.2589,1.52
2010-07-13,1.2725,1.53
2010-07-14,1.274,1.54
2010-07-15,1.2931,1.53
2010-07-16,1.2929,1.52
2010-07-19,1.2935,1.53
2010-07-20,1.2883,1.52
2010-07-21,1.2758,1.53
2010-07-22,1.2884,1.54
2010-07-23,1.2909,1.55
2010-07-26,1.2994,1.55
2010-07-27,1.2994,1.56
2010-07-28,1.2988,1.56
2010-07-29,1.3076,1.57
2010-07-30,1.3049,1.59
2010-08-02,1.3177,1.59
2010-08-03,1.3225,1.59
2010-08-04,1.316,1.59
2010-08-05,1.3182,1.6
2010-08-06,1.3287,1.59
2010-08-09,1.3225,1.58
2010-08-10,1.3175,1.57
2010-08-11,1.2834,1.56
2010-08-12,1.2824,1.56
2010-08-13,1.2757,1.57
2010-08-16,1.2818,1.56
2010-08-17,1.2876,1.56
2010-08-18,1.2858,1.56
2010-08-19,1.2818,1.55
2010-08-20,1.271,1.55
2010-08-23,1.2662,1.55
2010-08-24,1.2621,1.55
2010-08-25,1.2657,1.56
2010-08-26,1.2715,1.55
2010-08-27,1.2767,1.55
2010-08-30,1.2661,1.54
2010-08-31,1.2682,1.55
2010-09-01,1.2806,1.54
2010-09-02,1.2821,1.55
2010-09-03,1.2895,1.53
2010-09-07,1.2683,1.55
2010-09-08,1.2722,1.54
2010-09-09,1.2695,1.54
2010-09-10,1.2678,1.55
2010-09-13,1.2877,1.56
2010-09-14,1.2994,1.56
2010-09-15,1.3007,1.56
2010-09-16,1.3077,1.56
2010-09-17,1.3046,1.56
2010-09-20,1.3066,1.56
2010-09-21,1.3261,1.56
2010-09-22,1.3398,1.57
2010-09-23,1.3313,1.58
2010-09-24,1.3487,1.59
2010-09-27,1.3454,1.58
2010-09-28,1.358,1.58
2010-09-29,1.3624,1.57
2010-09-30,1.3632,1.58
2010-10-01,1.3791,1.58
2010-10-04,1.3681,1.59
2010-10-05,1.3833,1.59
2010-10-06,1.3934,1.59
2010-10-07,1.3925,1.6
2010-10-08,1.3936,1.58
2010-10-11,1.3872,1.58
2010-10-12,1.3922,1.58
2010-10-13,1.3958,1.6
2010-10-14,1.4078,1.6
2010-10-15,1.3974,1.59
2010-10-18,1.3944,1.57
2010-10-19,1.3732,1.59
2010-10-20,1.3966,1.58
2010-10-21,1.3922,1.57
2010-10-22,1.3953,1.57
2010-10-25,1.3968,1.59
2010-10-26,1.3856,1.58
2010-10-27,1.3761,1.59
2010-10-28,1.3924,1.6
2010-10-29,1.3945,1.61
2010-11-01,1.3896,1.6
2010-11-02,1.4038,1.61
2010-11-03,1.4142,1.63
2010-11-04,1.4209,1.62
2010-11-05,1.4029,1.62
2010-11-08,1.3914,1.61
2010-11-09,1.3774,1.61
2010-11-10,1.3782,1.62
2010-11-11,1.3662,1.615
2010-11-12,1.3688,1.61
2010-11-15,1.3582,1.59
2010-11-16,1.3493,1.59
2010-11-17,1.352,1.6
2010-11-18,1.3639,1.6
2010-11-19,1.3684,1.59
2010-11-22,1.3619,1.58
2010-11-23,1.3366,1.58
2010-11-24,1.3329,1.56
2010-11-26,1.3245,1.56
2010-11-29,1.3121,1.56
2010-11-30,1.2983,1.56
2010-12-01,1.314,1.56
2010-12-02,1.3224,1.57
2010-12-03,1.3408,1.57
2010-12-06,1.3301,1.58
2010-12-07,1.3263,1.58
2010-12-08,1.3262,1.57
2010-12-09,1.3245,1.58
2010-12-10,1.3227,1.59
2010-12-13,1.3387,1.58
2010-12-14,1.3384,1.56
2010-12-15,1.3208,1.56
2010-12-16,1.3233,1.55
2010-12-17,1.3183,1.55
2010-12-20,1.3122,1.55
2010-12-21,1.3095,1.54
2010-12-22,1.3098,1.54
2010-12-23,1.3115,1.54
2010-12-27,1.3163,1.54
2010-12-28,1.3118,1.55
2010-12-29,1.3222,1.54
2010-12-30,1.3282,1.55
2010-12-31,1.3368,1.555
2011-01-03,1.3353,1.56
2011-01-04,1.3305,1.55
2011-01-05,1.3149,1.55
2011-01-06,1.3012,1.56
2011-01-07,1.2911,1.56
2011-01-10,1.2947,1.56
2011-01-11,1.2973,1.57
2011-01-12,1.313,1.59
2011-01-13,1.3354,1.59
2011-01-14,1.3376,1.6
2011-01-18,1.3383,1.6
2011-01-19,1.3469,1.59
2011-01-20,1.347,1.6
2011-01-21,1.3615,1.6
2011-01-24,1.3641,1.58
2011-01-25,1.3688,1.59
2011-01-26,1.3699,1.59
2011-01-27,1.3724,1.58
2011-01-28,1.3613,1.6
2011-01-31,1.369,1.61
2011-02-01,1.383,1.62
2011-02-02,1.3802,1.62
2011-02-03,1.3631,1.61
2011-02-04,1.3589,1.61
2011-02-07,1.3584,1.61
2011-02-08,1.3631,1.61
2011-02-09,1.373,1.61
2011-02-10,1.3599,1.6
2011-02-11,1.3544,1.6
2011-02-14,1.3486,1.61
2011-02-15,1.3488,1.61
2011-02-16,1.3562,1.62
2011-02-17,1.3605,1.62
2011-02-18,1.3697,1.61
2011-02-22,1.3651,1.62
2011-02-23,1.3742,1.61
2011-02-24,1.3802,1.61
2011-02-25,1.3747,1.62
2011-02-28,1.3801,1.63
2011-03-01,1.3776,1.63
2011-03-02,1.3863,1.63
2011-03-03,1.3966,1.63
2011-03-04,1.3983,1.62
2011-03-07,1.3972,1.62
2011-03-08,1.3903,1.62
2011-03-09,1.3904,1.61
2011-03-10,1.3792,1.6
2011-03-11,1.3906,1.62
2011-03-14,1.3987,1.61
2011-03-15,1.3993,1.6
2011-03-16,1.3895,1.61
2011-03-17,1.4022,1.62
2011-03-18,1.4181,1.63
2011-03-21,1.4223,1.64
2011-03-22,1.4194,1.62
2011-03-23,1.4089,1.62
2011-03-24,1.4173,1.61
2011-03-25,1.4084,1.6
2011-03-28,1.4089,1.6
2011-03-29,1.4106,1.6
2011-03-30,1.4129,1.6
2011-03-31,1.4155,1.61
2011-04-01,1.4225,1.61
2011-04-04,1.422,1.63
2011-04-05,1.4223,1.63
2011-04-06,1.4328,1.63
2011-04-07,1.4308,1.63
2011-04-08,1.4472,1.64
2011-04-11,1.4431,1.63
2011-04-12,1.4479,1.63
2011-04-13,1.4437,1.64
2011-04-14,1.4488,1.63
2011-04-15,1.4431,1.62
2011-04-18,1.4234,1.63
2011-04-19,1.4337,1.64
2011-04-20,1.452,1.66
2011-04-21,1.455,1.65
2011-04-22,1.45605,1.65
2011-04-25,1.4571,1.65
2011-04-26,1.4635,1.65
2011-04-27,1.4783,1.66
2011-04-28,1.4821,1.67
2011-04-29,1.4808,1.67
2011-05-02,1.4826,1.65
2011-05-03,1.4822,1.65
2011-05-04,1.4826,1.64
2011-05-05,1.4536,1.64
2011-05-06,1.4339,1.63
2011-05-09,1.4356,1.63
2011-05-10,1.441,1.64
2011-05-11,1.4193,1.63
2011-05-12,1.4243,1.62
2011-05-13,1.4101,1.62
2011-05-16,1.4161,1.62
2011-05-17,1.4234,1.61
2011-05-18,1.4235,1.62
2011-05-19,1.4309,1.62
2011-05-20,1.4152,1.61
2011-05-23,1.4047,1.62
2011-05-24,1.4098,1.63
2011-05-25,1.4084,1.63
2011-05-26,1.4138,1.65
2011-05-27,1.4299,1.64
2011-05-31,1.4392,1.64
2011-06-01,1.4327,1.63
2011-06-02,1.4492,1.64
2011-06-03,1.4636,1.64
2011-06-06,1.4573,1.64
2011-06-07,1.469,1.64
2011-06-08,1.4577,1.64
2011-06-09,1.4504,1.63
2011-06-10,1.4336,1.63
2011-06-13,1.4415,1.64
2011-06-14,1.444,1.62
2011-06-15,1.418,1.61
2011-06-16,1.4211,1.62
2011-06-17,1.4304,1.62
2011-06-20,1.4302,1.62
2011-06-21,1.4405,1.61
2011-06-22,1.4352,1.6
2011-06-23,1.4259,1.6
2011-06-24,1.4185,1.6
2011-06-27,1.4278,1.6
2011-06-28,1.4369,1.61
2011-06-29,1.4432,1.61
2011-06-30,1.4501,1.61
2011-07-01,1.453,1.61
2011-07-05,1.4416,1.6
2011-07-06,1.4316,1.6
2011-07-07,1.436,1.6
2011-07-08,1.4263,1.59
2011-07-11,1.403,1.59
2011-07-12,1.3973,1.61
2011-07-13,1.4153,1.61
2011-07-14,1.4141,1.61
2011-07-15,1.4158,1.6
2011-07-18,1.4119,1.61
2011-07-19,1.4149,1.61
2011-07-20,1.421,1.63
2011-07-21,1.4417,1.63
2011-07-22,1.4356,1.63
2011-07-25,1.4377,1.64
2011-07-26,1.4508,1.64
2011-07-27,1.4364,1.63
2011-07-28,1.4323,1.65
2011-07-29,1.4384,1.63
2011-08-01,1.425,1.63
2011-08-02,1.4201,1.64
2011-08-03,1.4318,1.63
2011-08-04,1.4103,1.64
2011-08-05,1.4293,1.64
2011-08-08,1.4173,1.62
2011-08-09,1.4367,1.62
2011-08-10,1.4179,1.62
2011-08-11,1.4221,1.63
2011-08-12,1.4246,1.64
2011-08-15,1.4439,1.64
2011-08-16,1.4406,1.66
2011-08-17,1.4429,1.65
2011-08-18,1.4334,1.65
2011-08-19,1.44,1.65
2011-08-22,1.4355,1.65
2011-08-23,1.4433,1.64
2011-08-24,1.4413,1.63
2011-08-25,1.4379,1.63
2011-08-26,1.4489,1.64
2011-08-29,1.4509,1.63
2011-08-30,1.4441,1.63
2011-08-31,1.4374,1.62
2011-09-01,1.4262,1.62
2011-09-02,1.4199,1.6
2011-09-06,1.3995,1.59
2011-09-07,1.4099,1.6
2011-09-08,1.3876,1.59
2011-09-09,1.3651,1.58
2011-09-12,1.3676,1.58
2011-09-13,1.368,1.58
2011-09-14,1.375,1.58
2011-09-15,1.3879,1.58
2011-09-16,1.3785,1.57
2011-09-19,1.3691,1.57
2011-09-20,1.3695,1.56
2011-09-21,1.3568,1.54
2011-09-22,1.3473,1.55
2011-09-23,1.3505,1.56
2011-09-26,1.3526,1.57
2011-09-27,1.359,1.56
2011-09-28,1.3537,1.57
2011-09-29,1.359,1.56
2011-09-30,1.3389,1.55
2011-10-03,1.3184,1.54
2011-10-04,1.3344,1.54
2011-10-05,1.3338,1.54
2011-10-06,1.3433,1.56
2011-10-07,1.3372,1.56
2011-10-10,1.3644,1.57
2011-10-11,1.3635,1.58
2011-10-12,1.378,1.57
2011-10-13,1.3781,1.58
2011-10-14,1.3879,1.58
2011-10-17,1.3727,1.57
2011-10-18,1.3751,1.58
2011-10-19,1.3757,1.57
2011-10-20,1.3782,1.59
2011-10-21,1.3894,1.6
2011-10-24,1.3925,1.6
2011-10-25,1.3908,1.59
2011-10-26,1.3907,1.61
2011-10-27,1.4185,1.61
2011-10-28,1.4155,1.61
2011-10-31,1.3853,1.59
2011-11-01,1.3703,1.6
2011-11-02,1.374,1.6
2011-11-03,1.3821,1.6
2011-11-04,1.3781,1.6
2011-11-07,1.3769,1.61
2011-11-08,1.3834,1.6
2011-11-09,1.3548,1.59
2011-11-10,1.3606,1.59
2011-11-11,1.3754,1.585
2011-11-14,1.363,1.58
2011-11-15,1.3536,1.58
2011-11-16,1.3456,1.58
2011-11-17,1.3458,1.58
2011-11-18,1.3519,1.57
2011-11-21,1.3498,1.56
2011-11-22,1.3511,1.55
2011-11-23,1.3334,1.55
2011-11-25,1.3232,1.55
2011-11-28,1.3309,1.56
2011-11-29,1.3331,1.57
2011-11-30,1.3441,1.57
2011-12-01,1.3458,1.56
2011-12-02,1.3401,1.57
2011-12-05,1.3389,1.56
2011-12-06,1.3397,1.57
2011-12-07,1.3409,1.56
2011-12-08,1.3343,1.56
2011-12-09,1.3376,1.56
2011-12-12,1.3185,1.55
2011-12-13,1.3033,1.54
2011-12-14,1.2977,1.55
2011-12-15,1.3016,1.55
2011-12-16,1.3034,1.55
2011-12-19,1.2993,1.57
2011-12-20,1.3081,1.57
2011-12-21,1.3038,1.57
2011-12-22,1.3047,1.56
2011-12-23,1.3038,1.57
2011-12-27,1.3065,1.55
2011-12-28,1.2939,1.54
2011-12-29,1.2959,1.55
2011-12-30,1.294,1.57
2012-01-03,1.3044,1.56
2012-01-04,1.2943,1.55
2012-01-05,1.2779,1.54
2012-01-06,1.2717,1.54
2012-01-09,1.2763,1.55
2012-01-10,1.2775,1.53
2012-01-11,1.2705,1.53
2012-01-12,1.282,1.53
2012-01-13,1.2681,1.54
2012-01-17,1.2738,1.54
2012-01-18,1.286,1.55
2012-01-19,1.2962,1.55
2012-01-20,1.2933,1.56
2012-01-23,1.3026,1.56
2012-01-24,1.302,1.56
2012-01-25,1.3106,1.57
2012-01-26,1.3103,1.57
2012-01-27,1.3215,1.57
2012-01-30,1.3134,1.58
2012-01-31,1.3077,1.58
2012-02-01,1.3159,1.58
2012-02-02,1.3143,1.58
2012-02-03,1.3141,1.58
2012-02-06,1.3123,1.59
2012-02-07,1.3262,1.58
2012-02-08,1.3255,1.58
2012-02-09,1.3285,1.57
2012-02-10,1.3177,1.58
2012-02-13,1.3192,1.57
2012-02-14,1.3118,1.57
2012-02-15,1.3067,1.58
2012-02-16,1.3133,1.58
2012-02-17,1.3152,1.58
2012-02-21,1.3236,1.57
2012-02-22,1.3243,1.57
2012-02-23,1.3371,1.59
2012-02-24,1.3455,1.58
2012-02-27,1.3394,1.59
2012-02-28,1.3466,1.6
2012-02-29,1.3324,1.6
2012-03-01,1.3312,1.59
2012-03-02,1.3204,1.59
2012-03-05,1.3212,1.57
2012-03-06,1.3111,1.57
2012-03-07,1.3152,1.58
2012-03-08,1.3273,1.57
2012-03-09,1.3109,1.56
2012-03-12,1.3155,1.57
2012-03-13,1.3082,1.57
2012-03-14,1.3028,1.57
2012-03-15,1.3081,1.58
2012-03-16,1.3173,1.59
2012-03-19,1.3239,1.59
2012-03-20,1.3224,1.58
2012-03-21,1.3215,1.58
2012-03-22,1.3196,1.59
2012-03-23,1.3267,1.59
2012-03-26,1.3356,1.6
2012-03-27,1.3312,1.59
2012-03-28,1.3314,1.59
2012-03-29,1.3301,1.6
2012-03-30,1.3344,1.6
2012-04-02,1.3321,1.6
2012-04-03,1.3233,1.59
2012-04-04,1.3139,1.58
2012-04-05,1.3066,1.59
2012-04-06,1.30865,1.59
2012-04-09,1.3107,1.58
2012-04-10,1.3081,1.59
2012-04-11,1.3107,1.59
2012-04-12,1.3188,1.59
2012-04-13,1.3072,1.59
2012-04-16,1.3141,1.59
2012-04-17,1.3124,1.6
2012-04-18,1.3119,1.61
2012-04-19,1.3136,1.61
2012-04-20,1.3221,1.61
2012-04-23,1.316,1.61
2012-04-24,1.319,1.61
2012-04-25,1.3216,1.62
2012-04-26,1.3238,1.62
2012-04-27,1.3246,1.62
2012-04-30,1.3239,1.62
2012-05-01,1.3234,1.62
2012-05-02,1.3159,1.62
2012-05-03,1.3149,1.61
2012-05-04,1.3085,1.62
2012-05-07,1.305,1.62
2012-05-08,1.3002,1.61
2012-05-09,1.2935,1.62
2012-05-10,1.2937,1.61
2012-05-11,1.2918,1.61
2012-05-14,1.2824,1.6
2012-05-15,1.2728,1.59
2012-05-16,1.2718,1.58
2012-05-17,1.2691,1.58
2012-05-18,1.2769,1.58
2012-05-21,1.2814,1.58
2012-05-22,1.2684,1.57
2012-05-23,1.2579,1.57
2012-05-24,1.2526,1.56
2012-05-25,1.2514,1.56
2012-05-29,1.249,1.55
2012-05-30,1.2366,1.54
2012-05-31,1.2361,1.54
2012-06-01,1.2424,1.54
2012-06-04,1.2494,1.54
2012-06-05,1.245,1.55
2012-06-06,1.2578,1.56
2012-06-07,1.2558,1.54
2012-06-08,1.2515,1.55
2012-06-11,1.248,1.56
2012-06-12,1.2502,1.56
2012-06-13,1.2555,1.55
2012-06-14,1.2632,1.57
2012-06-15,1.2653,1.57
2012-06-18,1.2572,1.57
2012-06-19,1.2685,1.58
2012-06-20,1.2701,1.56
2012-06-21,1.2542,1.56
2012-06-22,1.2569,1.56
2012-06-25,1.2499,1.56
2012-06-26,1.2495,1.55
2012-06-27,1.2466,1.55
2012-06-28,1.2439,1.57
2012-06-29,1.2655,1.57
2012-07-02,1.2579,1.57
2012-07-03,1.2606,1.55
2012-07-05,1.2391,1.55
2012-07-06,1.229,1.55
2012-07-09,1.2315,1.55
2012-07-10,1.225,1.55
2012-07-11,1.2237,1.54
2012-07-12,1.22,1.56
2012-07-13,1.2245,1.56
2012-07-16,1.2272,1.56
2012-07-17,1.2295,1.56
2012-07-18,1.2281,1.57
2012-07-19,1.228,1.56
2012-07-20,1.216,1.55
2012-07-23,1.2136,1.55
2012-07-24,1.2062,1.55
2012-07-25,1.2152,1.57
2012-07-26,1.228,1.57
2012-07-27,1.2317,1.57
2012-07-30,1.2258,1.57
2012-07-31,1.23,1.56
2012-08-01,1.2224,1.55
2012-08-02,1.2175,1.57
2012-08-03,1.2382,1.56
2012-08-06,1.2401,1.57
2012-08-07,1.24,1.57
2012-08-08,1.2363,1.56
2012-08-09,1.2302,1.57
2012-08-10,1.2288,1.57
2012-08-13,1.2331,1.57
2012-08-14,1.2321,1.57
2012-08-15,1.2284,1.57
2012-08-16,1.2357,1.57
2012-08-17,1.2328,1.57
2012-08-20,1.2344,1.58
2012-08-21,1.2471,1.58
2012-08-22,1.2521,1.59
2012-08-23,1.256,1.58
2012-08-24,1.2513,1.58
2012-08-27,1.2496,1.58
2012-08-28,1.2563,1.58
2012-08-29,1.2526,1.58
2012-08-30,1.2502,1.59
2012-08-31,1.2573,1.59
2012-09-04,1.256,1.59
2012-09-05,1.2602,1.59
2012-09-06,1.2631,1.6
2012-09-07,1.2813,1.6
2012-09-10,1.2757,1.61
2012-09-11,1.2853,1.61
2012-09-12,1.2901,1.61
2012-09-13,1.2989,1.62
2012-09-14,1.3125,1.63
2012-09-17,1.311,1.63
2012-09-18,1.3044,1.62
2012-09-19,1.3048,1.62
2012-09-20,1.2964,1.63
2012-09-21,1.2986,1.62
2012-09-24,1.2928,1.62
2012-09-25,1.2902,1.61
2012-09-26,1.287,1.62
2012-09-27,1.2913,1.61
2012-09-28,1.2847,1.61
2012-10-01,1.2885,1.62
2012-10-02,1.292,1.61
2012-10-03,1.2903,1.62
2012-10-04,1.3017,1.62
2012-10-05,1.3031,1.6
2012-10-08,1.2966,1.6
2012-10-09,1.2878,1.6
2012-10-10,1.2887,1.6
2012-10-11,1.2924,1.61
2012-10-12,1.2957,1.61
2012-10-15,1.295,1.61
2012-10-16,1.3056,1.62
2012-10-17,1.3118,1.61
2012-10-18,1.3065,1.6
2012-10-19,1.3025,1.6
2012-10-22,1.3059,1.59
2012-10-23,1.2981,1.6
2012-10-24,1.297,1.61
2012-10-25,1.2928,1.61
2012-10-26,1.2935,1.6
2012-10-31,1.2957,1.61
2012-11-01,1.2942,1.6
2012-11-02,1.283,1.6
2012-11-05,1.2791,1.6
2012-11-06,1.2813,1.6
2012-11-07,1.2769,1.6
2012-11-08,1.275,1.59
2012-11-09,1.2709,1.59
2012-11-12,1.2707,1.585
2012-11-13,1.2705,1.58
2012-11-14,1.2735,1.59
2012-11-15,1.2779,1.59
2012-11-16,1.2741,1.59
2012-11-19,1.2813,1.59
2012-11-20,1.2815,1.59
2012-11-21,1.2825,1.6
2012-11-23,1.2977,1.6
2012-11-26,1.2971,1.6
2012-11-27,1.2939,1.6
2012-11-28,1.294,1.6
2012-11-29,1.2971,1.6
2012-11-30,1.2997,1.61
2012-12-03,1.3053,1.61
2012-12-04,1.3093,1.61
2012-12-05,1.3067,1.61
2012-12-06,1.2971,1.6
2012-12-07,1.2925,1.61
2012-12-10,1.2942,1.61
2012-12-11,1.3002,1.61
2012-12-12,1.3074,1.61
2012-12-13,1.3073,1.61
2012-12-14,1.3162,1.62
2012-12-17,1.3161,1.63
2012-12-18,1.3225,1.63
2012-12-19,1.3229,1.63
2012-12-20,1.3242,1.62
2012-12-21,1.3181,1.61
2012-12-24,1.3188,1.61
2012-12-26,1.322,1.61
2012-12-27,1.3233,1.62
2012-12-28,1.3215,1.63
2012-12-31,1.3188,1.63
2013-01-02,1.3182,1.62
2013-01-03,1.305,1.6
2013-01-04,1.3072,1.61
2013-01-07,1.3116,1.6
2013-01-08,1.308,1.6
2013-01-09,1.3061,1.61
2013-01-10,1.3258,1.61
2013-01-11,1.3343,1.61
2013-01-14,1.3372,1.61
2013-01-15,1.3304,1.6
2013-01-16,1.3287,1.6
2013-01-17,1.3376,1.59
2013-01-18,1.3313,1.59
2013-01-22,1.332,1.58
2013-01-23,1.3319,1.58
2013-01-24,1.3377,1.58
2013-01-25,1.3455,1.57
2013-01-28,1.3455,1.58
2013-01-29,1.3493,1.58
2013-01-30,1.3565,1.59
2013-01-31,1.3577,1.57
2013-02-01,1.3646,1.57
2013-02-04,1.3513,1.57
2013-02-05,1.3584,1.57
2013-02-06,1.3519,1.57
2013-02-07,1.3395,1.58
2013-02-08,1.3365,1.57
2013-02-11,1.3404,1.57
2013-02-12,1.3454,1.55
2013-02-13,1.3448,1.55
2013-02-14,1.3355,1.55
2013-02-15,1.3362,1.54
2013-02-19,1.339,1.53
2013-02-20,1.3282,1.53
2013-02-21,1.3186,1.53
2013-02-22,1.3184,1.51
2013-02-25,1.3079,1.51
2013-02-26,1.3058,1.51
2013-02-27,1.3139,1.52
2013-02-28,1.306,1.5
2013-03-01,1.3021,1.51
2013-03-04,1.3027,1.51
2013-03-05,1.3047,1.5
2013-03-06,1.2976,1.5
2013-03-07,1.3103,1.49
2013-03-08,1.2998,1.49
2013-03-11,1.3047,1.49
2013-03-12,1.3034,1.49
2013-03-13,1.2958,1.5
2013-03-14,1.3,1.51
2013-03-15,1.3068,1.51
2013-03-18,1.2954,1.51
2013-03-19,1.2879,1.51
2013-03-20,1.2933,1.52
2013-03-21,1.2898,1.52
2013-03-22,1.2987,1.52
2013-03-25,1.2852,1.52
2013-03-26,1.2861,1.51
2013-03-27,1.2779,1.52
2013-03-28,1.2814,1.52
2013-03-29,1.2832,1.52
2013-04-01,1.285,1.51
2013-04-02,1.2818,1.51
2013-04-03,1.2845,1.52
2013-04-04,1.2934,1.53
2013-04-05,1.2996,1.53
2013-04-08,1.3007,1.53
2013-04-09,1.3079,1.53
2013-04-10,1.3069,1.54
2013-04-11,1.3102,1.54
2013-04-12,1.3107,1.53
2013-04-15,1.3034,1.53
2013-04-16,1.3175,1.53
2013-04-17,1.3028,1.53
2013-04-18,1.305,1.53
2013-04-19,1.3053,1.53
2013-04-22,1.3064,1.53
2013-04-23,1.3002,1.53
2013-04-24,1.3014,1.54
2013-04-25,1.3009,1.55
2013-04-26,1.3028,1.55
2013-04-29,1.3099,1.55
2013-04-30,1.3166,1.56
2013-05-01,1.318,1.55
2013-05-02,1.3063,1.56
2013-05-03,1.3113,1.55
2013-05-06,1.3075,1.55
2013-05-07,1.3079,1.56
2013-05-08,1.3152,1.55
2013-05-09,1.3042,1.53
2013-05-10,1.2989,1.53
2013-05-13,1.2977,1.53
2013-05-14,1.2918,1.52
2013-05-15,1.2885,1.53
2013-05-16,1.2881,1.52
2013-05-17,1.2834,1.52
2013-05-20,1.2882,1.52
2013-05-21,1.2905,1.5
2013-05-22,1.2859,1.51
2013-05-23,1.2935,1.51
2013-05-24,1.2935,1.51
2013-05-28,1.2854,1.51
2013-05-29,1.2938,1.52
2013-05-30,1.3048,1.52
2013-05-31,1.2995,1.53
2013-06-03,1.3076,1.53
2013-06-04,1.308,1.54
2013-06-05,1.3093,1.56
2013-06-06,1.3246,1.56
2013-06-07,1.3214,1.56
2013-06-10,1.3256,1.56
2013-06-11,1.3313,1.57
2013-06-12,1.3337,1.57
2013-06-13,1.3374,1.57
2013-06-14,1.3343,1.57
2013-06-17,1.3367,1.56
2013-06-18,1.3395,1.57
2013-06-19,1.3295,1.55
2013-06-20,1.3218,1.54
2013-06-21,1.3121,1.54
2013-06-24,1.3118,1.54
2013-06-25,1.3083,1.53
2013-06-26,1.3011,1.52
2013-06-27,1.3036,1.52
2013-06-28,1.301,1.52
2013-07-01,1.3061,1.52
2013-07-02,1.2979,1.53
2013-07-03,1.3009,1.49
2013-07-05,1.2829,1.49
2013-07-08,1.2869,1.48
2013-07-09,1.278,1.49
2013-07-10,1.2976,1.51
2013-07-11,1.3092,1.51
2013-07-12,1.3067,1.51
2013-07-15,1.3063,1.51
2013-07-16,1.3163,1.52
2013-07-17,1.3125,1.52
2013-07-18,1.3108,1.53
2013-07-19,1.3138,1.54
2013-07-22,1.3186,1.54
2013-07-23,1.3222,1.54
2013-07-24,1.3198,1.53
2013-07-25,1.3276,1.54
2013-07-26,1.3279,1.54
2013-07-29,1.3263,1.52
2013-07-30,1.3262,1.52
2013-07-31,1.33,1.51
2013-08-01,1.3209,1.53
2013-08-02,1.328,1.53
2013-08-05,1.3258,1.54
2013-08-06,1.3305,1.55
2013-08-07,1.3336,1.56
2013-08-08,1.3379,1.55
2013-08-09,1.3342,1.55
2013-08-12,1.3298,1.55
2013-08-13,1.3263,1.55
2013-08-14,1.3254,1.56
2013-08-15,1.3343,1.56
2013-08-16,1.3326,1.57
2013-08-19,1.3333,1.57
2013-08-20,1.3416,1.57
2013-08-21,1.3354,1.56
2013-08-22,1.3355,1.56
2013-08-23,1.3378,1.56
2013-08-26,1.3368,1.55
2013-08-27,1.3391,1.55
2013-08-28,1.3339,1.55
2013-08-29,1.3237,1.55
2013-08-30,1.3221,1.55
2013-09-03,1.3172,1.56
2013-09-04,1.3206,1.56
2013-09-05,1.3117,1.56
2013-09-06,1.3177,1.57
2013-09-09,1.3252,1.57
2013-09-10,1.3267,1.58
2013-09-11,1.331,1.58
2013-09-12,1.3299,1.59
2013-09-13,1.3301,1.59
2013-09-16,1.3334,1.59
2013-09-17,1.3355,1.6
2013-09-18,1.3523,1.6
2013-09-19,1.3529,1.6
2013-09-20,1.3522,1.61
2013-09-23,1.3492,1.6
2013-09-24,1.3472,1.61
2013-09-25,1.3525,1.6
2013-09-26,1.3488,1.61
2013-09-27,1.352,1.62
2013-09-30,1.3522,1.62
2013-10-01,1.3527,1.62
2013-10-02,1.358,1.62
2013-10-03,1.3618,1.61
2013-10-04,1.3553,1.61
2013-10-07,1.358,1.61
2013-10-08,1.3571,1.59
2013-10-09,1.3522,1.6
2013-10-10,1.3518,1.59
2013-10-11,1.354,1.6
2013-10-14,1.356,1.595
2013-10-15,1.3524,1.59
2013-10-16,1.3529,1.62
2013-10-17,1.3675,1.62
2013-10-18,1.3685,1.61
2013-10-21,1.3677,1.62
2013-10-22,1.3781,1.62
2013-10-23,1.3776,1.62
2013-10-24,1.3799,1.62
2013-10-25,1.3804,1.61
2013-10-28,1.3784,1.61
2013-10-29,1.3745,1.61
2013-10-30,1.3735,1.61
2013-10-31,1.3584,1.59
2013-11-01,1.349,1.6
2013-11-04,1.3513,1.6
2013-11-05,1.3474,1.61
2013-11-06,1.3514,1.61
2013-11-07,1.3416,1.6
2013-11-08,1.3363,1.59
2013-11-11,1.3404,1.595
2013-11-12,1.3434,1.6
2013-11-13,1.3488,1.61
2013-11-14,1.3455,1.61
2013-11-15,1.3493,1.61
2013-11-18,1.3506,1.61
2013-11-19,1.3538,1.62
2013-11-20,1.3441,1.62
2013-11-21,1.3478,1.62
2013-11-22,1.3554,1.61
2013-11-25,1.3517,1.62
2013-11-26,1.3573,1.63
2013-11-27,1.3577,1.64
2013-11-29,1.3589,1.64
2013-12-02,1.3541,1.64
2013-12-03,1.3588,1.64
2013-12-04,1.3593,1.63
2013-12-05,1.3665,1.63
2013-12-06,1.3704,1.64
2013-12-09,1.3739,1.64
2013-12-10,1.376,1.64
2013-12-11,1.3786,1.63
2013-12-12,1.3751,1.63
2013-12-13,1.3736,1.63
2013-12-16,1.3761,1.63
2013-12-17,1.3764,1.64
2013-12-18,1.3685,1.64
2013-12-19,1.3662,1.64
2013-12-20,1.3673,1.64
2013-12-23,1.3694,1.64
2013-12-24,1.3677,1.64
2013-12-26,1.369,1.65
2013-12-27,1.3741,1.65
2013-12-30,1.3799,1.66
2013-12-31,1.375,1.64
2014-01-02,1.3669,1.64
2014-01-03,1.3587,1.64
2014-01-06,1.3627,1.64
2014-01-07,1.3614,1.65
2014-01-08,1.3577,1.65
2014-01-09,1.3603,1.65
2014-01-10,1.3666,1.64
2014-01-13,1.367,1.65
2014-01-14,1.3676,1.64
2014-01-15,1.3603,1.63
2014-01-16,1.362,1.64
2014-01-17,1.3536,1.65
2014-01-21,1.356,1.66
2014-01-22,1.3546,1.66
2014-01-23,1.3694,1.65
2014-01-24,1.3676,1.66
2014-01-27,1.3673,1.66
2014-01-28,1.3669,1.66
2014-01-29,1.3664,1.65
2014-01-30,1.3554,1.65
2014-01-31,1.3487,1.63
2014-02-03,1.3529,1.63
2014-02-04,1.3516,1.63
2014-02-05,1.3531,1.63
2014-02-06,1.359,1.64
2014-02-07,1.3634,1.64
2014-02-10,1.3643,1.65
2014-02-11,1.3636,1.66
2014-02-12,1.3593,1.66
2014-02-13,1.3679,1.67
2014-02-14,1.3691,1.67
2014-02-18,1.3757,1.67
2014-02-19,1.3732,1.66
2014-02-20,1.3719,1.66
2014-02-21,1.3736,1.66
2014-02-24,1.3734,1.67
2014-02-25,1.3743,1.66
2014-02-26,1.3686,1.67
2014-02-27,1.3709,1.68
2014-02-28,1.3798,1.67
2014-03-03,1.3733,1.67
2014-03-04,1.3741,1.67
2014-03-05,1.3733,1.67
2014-03-06,1.3859,1.67
2014-03-07,1.3872,1.66
2014-03-10,1.3876,1.66
2014-03-11,1.3859,1.66
2014-03-12,1.3903,1.67
2014-03-13,1.3867,1.66
2014-03-14,1.3908,1.66
2014-03-17,1.3922,1.66
2014-03-18,1.3933,1.66
2014-03-19,1.383,1.65
2014-03-20,1.3777,1.65
2014-03-21,1.3792,1.65
2014-03-24,1.3838,1.65
2014-03-25,1.3824,1.66
2014-03-26,1.3782,1.66
2014-03-27,1.3741,1.66
2014-03-28,1.3752,1.67
2014-03-31,1.3772,1.66
2014-04-01,1.3792,1.66
2014-04-02,1.3766,1.66
2014-04-03,1.3718,1.66
2014-04-04,1.3701,1.66
2014-04-07,1.374,1.67
2014-04-08,1.3796,1.68
2014-04-09,1.3854,1.68
2014-04-10,1.3887,1.67
2014-04-11,1.3884,1.67
2014-04-14,1.3819,1.67
2014-04-15,1.3813,1.68
2014-04-16,1.3815,1.68
2014-04-17,1.3813,1.68
2014-04-18,1.3803,1.68
2014-04-21,1.3793,1.68
2014-04-22,1.3804,1.68
2014-04-23,1.3817,1.68
2014-04-24,1.3831,1.68
2014-04-25,1.3833,1.68
2014-04-28,1.3849,1.68
2014-04-29,1.3811,1.69
2014-04-30,1.3866,1.69
2014-05-01,1.3867,1.69
2014-05-02,1.3872,1.69
2014-05-05,1.3874,1.7
2014-05-06,1.3927,1.7
2014-05-07,1.391,1.69
2014-05-08,1.3838,1.68
2014-05-09,1.3758,1.69
2014-05-12,1.3755,1.68
2014-05-13,1.3701,1.68
2014-05-14,1.3714,1.68
2014-05-15,1.371,1.68
2014-05-16,1.3692,1.68
2014-05-19,1.3708,1.68
2014-05-20,1.3702,1.69
2014-05-21,1.3685,1.69
2014-05-22,1.3655,1.68
2014-05-23,1.363,1.68
2014-05-27,1.3635,1.67
2014-05-28,1.359,1.67
2014-05-29,1.3601,1.68
2014-05-30,1.3631,1.68
2014-06-02,1.3595,1.68
2014-06-03,1.3627,1.67
2014-06-04,1.3597,1.68
2014-06-05,1.3659,1.68
2014-06-06,1.3643,1.68
2014-06-09,1.3591,1.68
2014-06-10,1.3546,1.68
2014-06-11,1.3529,1.69
2014-06-12,1.3549,1.7
2014-06-13,1.3536,1.7
2014-06-16,1.3572,1.7
2014-06-17,1.3546,1.7
2014-06-18,1.3594,1.7
2014-06-19,1.3606,1.7
2014-06-20,1.36,1.7
2014-06-23,1.3602,1.7
2014-06-24,1.3605,1.7
2014-06-25,1.3627,1.7
2014-06-26,1.361,1.7
2014-06-27,1.3646,1.71
2014-06-30,1.3691,1.71
2014-07-01,1.3679,1.72
2014-07-02,1.3658,1.72
2014-07-03,1.3608,1.71
2014-07-07,1.3603,1.71
2014-07-08,1.3609,1.71
2014-07-09,1.3641,1.71
2014-07-10,1.3608,1.71
2014-07-11,1.3608,1.71
2014-07-14,1.3618,1.71
2014-07-15,1.3568,1.71
2014-07-16,1.3525,1.71
2014-07-17,1.3526,1.71
2014-07-18,1.3524,1.71
2014-07-21,1.3523,1.71
2014-07-22,1.3465,1.7
2014-07-23,1.3462,1.7
2014-07-24,1.3461,1.7
2014-07-25,1.3429,1.7
2014-07-28,1.3438,1.69
2014-07-29,1.3407,1.69
2014-07-30,1.3395,1.69
2014-07-31,1.3388,1.68
2014-08-01,1.3429,1.68
2014-08-04,1.342,1.69
2014-08-05,1.3375,1.68
2014-08-06,1.3382,1.68
2014-08-07,1.3362,1.68
2014-08-08,1.3385,1.68
2014-08-11,1.3383,1.68
2014-08-12,1.3368,1.67
2014-08-13,1.3362,1.67
2014-08-14,1.3365,1.67
2014-08-15,1.3397,1.67
2014-08-18,1.3362,1.66
2014-08-19,1.3319,1.66
2014-08-20,1.326,1.66
2014-08-21,1.3281,1.66
2014-08-22,1.324,1.66
2014-08-25,1.3194,1.66
2014-08-26,1.3168,1.66
2014-08-27,1.3192,1.66
2014-08-28,1.3181,1.66
2014-08-29,1.3134,1.65
2014-09-02,1.3132,1.65
2014-09-03,1.315,1.63
2014-09-04,1.2943,1.63
2014-09-05,1.2953,1.61
2014-09-08,1.2894,1.61
2014-09-09,1.2938,1.61
2014-09-10,1.2916,1.62
2014-09-11,1.2919,1.62
2014-09-12,1.296,1.62
2014-09-15,1.294,1.63
2014-09-16,1.2957,1.63
2014-09-17,1.2862,1.64
2014-09-18,1.2922,1.63
2014-09-19,1.2831,1.63
2014-09-22,1.2849,1.64
2014-09-23,1.2849,1.63
2014-09-24,1.2779,1.63
2014-09-25,1.275,1.63
2014-09-26,1.268,1.63
2014-09-29,1.2685,1.62
2014-09-30,1.263,1.62
2014-10-01,1.2624,1.61
2014-10-02,1.2668,1.6
2014-10-03,1.2514,1.6
2014-10-06,1.2653,1.61
2014-10-07,1.2668,1.61
2014-10-08,1.2733,1.61
2014-10-09,1.2689,1.6
2014-10-10,1.2622,1.59
2014-10-13,1.2745,1.595
2014-10-14,1.266,1.6
2014-10-15,1.2837,1.61
2014-10-16,1.2808,1.61
2014-10-17,1.2758,1.61
2014-10-20,1.2799,1.61
2014-10-21,1.2715,1.61
2014-10-22,1.2644,1.6
2014-10-23,1.2646,1.61
2014-10-24,1.2668,1.61
2014-10-27,1.2696,1.62
2014-10-28,1.2732,1.61
2014-10-29,1.2632,1.6
2014-10-30,1.2612,1.6
2014-10-31,1.2524,1.6
2014-11-03,1.2482,1.6
2014-11-04,1.2545,1.6
2014-11-05,1.2485,1.59
2014-11-06,1.2373,1.58
2014-11-07,1.2451,1.59
2014-11-10,1.2419,1.58
2014-11-11,1.2472,1.575
2014-11-12,1.2438,1.57
2014-11-13,1.2473,1.57
2014-11-14,1.2521,1.56
2014-11-17,1.2449,1.56
2014-11-18,1.2534,1.57
2014-11-19,1.2552,1.57
2014-11-20,1.2539,1.57
2014-11-21,1.2391,1.57
2014-11-24,1.244,1.57
2014-11-25,1.2473,1.58
2014-11-26,1.2506,1.56
2014-11-28,1.2448,1.57
2014-12-01,1.2469,1.57
2014-12-02,1.2381,1.57
2014-12-03,1.231,1.57
2014-12-04,1.2379,1.56
2014-12-05,1.2285,1.56
2014-12-08,1.2317,1.57
2014-12-09,1.2373,1.57
2014-12-10,1.2446,1.57
2014-12-11,1.241,1.57
2014-12-12,1.2456,1.57
2014-12-15,1.2437,1.57
2014-12-16,1.2508,1.57
2014-12-17,1.2343,1.57
2014-12-18,1.2285,1.56
2014-12-19,1.2228,1.56
2014-12-22,1.2228,1.55
2014-12-23,1.2171,1.55
2014-12-24,1.2194,1.55
2014-12-26,1.2175,1.555
2014-12-29,1.2154,1.56
2014-12-30,1.2156,1.56
2014-12-31,1.2097,1.54
2015-01-02,1.2,1.52
2015-01-05,1.1932,1.52
2015-01-06,1.1891,1.51
2015-01-07,1.1839,1.51
2015-01-08,1.1794,1.52
2015-01-09,1.1839,1.52
2015-01-12,1.1833,1.52
2015-01-13,1.1772,1.52
2015-01-14,1.1786,1.52
2015-01-15,1.163,1.51
2015-01-16,1.1567,1.52
2015-01-20,1.1548,1.51
2015-01-21,1.1609,1.51
2015-01-22,1.1364,1.5
2015-01-23,1.1207,1.51
2015-01-26,1.1238,1.52
2015-01-27,1.138,1.52
2015-01-28,1.1286,1.5
2015-01-29,1.1319,1.5
2015-01-30,1.1283,1.5
2015-02-02,1.1337,1.51
2015-02-03,1.1477,1.52
2015-02-04,1.1342,1.53
2015-02-05,1.1475,1.52
2015-02-06,1.1312,1.52
2015-02-09,1.1323,1.53
2015-02-10,1.1317,1.52
2015-02-11,1.1333,1.54
2015-02-12,1.1402,1.54
2015-02-13,1.1389,1.53
2015-02-17,1.1409,1.54
2015-02-18,1.1396,1.55
2015-02-19,1.1366,1.54
2015-02-20,1.1379,1.55
2015-02-23,1.1334,1.54
2015-02-24,1.1339,1.55
2015-02-25,1.136,1.54
2015-02-26,1.1197,1.54
2015-02-27,1.1193,1.54
2015-03-02,1.1182,1.54
2015-03-03,1.1175,1.53
2015-03-04,1.1078,1.52
2015-03-05,1.1028,1.51
2015-03-06,1.0843,1.51
2015-03-09,1.0847,1.51
2015-03-10,1.0698,1.49
2015-03-11,1.0545,1.49
2015-03-12,1.0634,1.48
2015-03-13,1.0493,1.48
2015-03-16,1.0563,1.47
2015-03-17,1.0594,1.47
2015-03-18,1.0869,1.47
2015-03-19,1.0654,1.49
2015-03-20,1.0817,1.49
2015-03-23,1.0946,1.49
2015-03-24,1.0923,1.49
2015-03-25,1.0969,1.48
2015-03-26,1.0882,1.49
2015-03-27,1.089,1.48
2015-03-30,1.0832,1.49
2015-03-31,1.0738,1.48
2015-04-01,1.0761,1.48
2015-04-02,1.0879,1.49
2015-04-03,1.0901,1.5
2015-04-06,1.0923,1.49
2015-04-07,1.0815,1.49
2015-04-08,1.0779,1.47
2015-04-09,1.0658,1.46
2015-04-10,1.0603,1.47
2015-04-13,1.0564,1.48
2015-04-14,1.0652,1.48
2015-04-15,1.0685,1.49
2015-04-16,1.076,1.49
2015-04-17,1.0808,1.49
2015-04-20,1.0736,1.49
2015-04-21,1.0734,1.5
2015-04-22,1.0724,1.5
2015-04-23,1.0823,1.52
2015-04-24,1.087,1.52
2015-04-27,1.0887,1.53
2015-04-28,1.0981,1.55
2015-04-29,1.1125,1.53
2015-04-30,1.1221,1.51
2015-05-01,1.1198,1.51
2015-05-04,1.1148,1.52
2015-05-05,1.1184,1.52
2015-05-06,1.1347,1.52
2015-05-07,1.1265,1.55
2015-05-08,1.1209,1.56
2015-05-11,1.1153,1.57
2015-05-12,1.1213,1.57
2015-05-13,1.1351,1.58
2015-05-14,1.1407,1.58
2015-05-15,1.1445,1.57
2015-05-18,1.1313,1.55
2015-05-19,1.1148,1.55
2015-05-20,1.1095,1.57
2015-05-21,1.1112,1.55
2015-05-22,1.1015,1.54
2015-05-26,1.0874,1.53
2015-05-27,1.0904,1.53
2015-05-28,1.0949,1.53
2015-05-29,1.0986,1.52
2015-06-01,1.0927,1.53
2015-06-02,1.1151,1.54
2015-06-03,1.1275,1.54
2015-06-04,1.1238,1.53
2015-06-05,1.1114,1.53
2015-06-08,1.1291,1.54
2015-06-09,1.1283,1.55
2015-06-10,1.1324,1.55
2015-06-11,1.1258,1.56
2015-06-12,1.1266,1.56
2015-06-15,1.1283,1.56
2015-06-16,1.1248,1.57
2015-06-17,1.1337,1.59
2015-06-18,1.1359,1.59
2015-06-19,1.1352,1.58
2015-06-22,1.1341,1.58
2015-06-23,1.1167,1.57
2015-06-24,1.1205,1.57
2015-06-25,1.1205,1.57
2015-06-26,1.1167,1.58
2015-06-29,1.1236,1.57
2015-06-30,1.1147,1.56
2015-07-01,1.1053,1.56
2015-07-02,1.1084,1.56
2015-07-03,1.1114,1.55
2015-07-06,1.1056,1.54
2015-07-07,1.1011,1.54
2015-07-08,1.1077,1.54
2015-07-09,1.1036,1.55
2015-07-10,1.1162,1.55
2015-07-13,1.1002,1.56
2015-07-14,1.1009,1.56
2015-07-15,1.095,1.56
2015-07-16,1.0875,1.56
2015-07-17,1.083,1.56
2015-07-20,1.0825,1.56
2015-07-21,1.0935,1.56
2015-07-22,1.0929,1.55
2015-07-23,1.0984,1.55
2015-07-24,1.0984,1.56
2015-07-27,1.1088,1.56
2015-07-28,1.106,1.56
2015-07-29,1.0984,1.56
2015-07-30,1.0932,1.56
2015-07-31,1.0984,1.56
2015-08-03,1.095,1.56
2015-08-04,1.0881,1.56
2015-08-05,1.0906,1.55
2015-08-06,1.0925,1.55
2015-08-07,1.0967,1.55
2015-08-10,1.1019,1.56
2015-08-11,1.1042,1.56
2015-08-12,1.1159,1.56
2015-08-13,1.115,1.56
2015-08-14,1.1109,1.56
2015-08-17,1.1078,1.57
2015-08-18,1.1024,1.56
2015-08-19,1.112,1.57
2015-08-20,1.1242,1.57
2015-08-21,1.1386,1.57
2015-08-24,1.1619,1.57
2015-08-25,1.1517,1.55
2015-08-26,1.1314,1.54
2015-08-27,1.1246,1.54
2015-08-28,1.1185,1.54
2015-08-31,1.1211,1.53
2015-09-01,1.1315,1.53
2015-09-02,1.1227,1.53
2015-09-03,1.1123,1.52
2015-09-04,1.1149,1.54
2015-09-07,1.117,1.54
2015-09-08,1.1203,1.54
2015-09-09,1.1207,1.55
2015-09-10,1.128,1.54
2015-09-11,1.1338,1.54
2015-09-14,1.1317,1.54
2015-09-15,1.1269,1.55
2015-09-16,1.129,1.55
2015-09-17,1.1435,1.56
2015-09-18,1.1298,1.55
2015-09-21,1.119,1.54
2015-09-22,1.112,1.52
2015-09-23,1.1186,1.53
2015-09-24,1.123,1.52
2015-09-25,1.1195,1.52
2015-09-28,1.1244,1.52
2015-09-29,1.1249,1.51
2015-09-30,1.1177,1.52
2015-10-01,1.1195,1.52
2015-10-02,1.1216,1.52
2015-10-05,1.1188,1.52
2015-10-06,1.1272,1.53
2015-10-07,1.1237,1.53
2015-10-08,1.1276,1.53
2015-10-09,1.1358,1.52
2015-10-12,1.1358,1.53
2015-10-13,1.1379,1.54
2015-10-14,1.1474,1.55
2015-10-15,1.1386,1.54
2015-10-16,1.1348,1.55
2015-10-19,1.1327,1.55
2015-10-20,1.1346,1.55
2015-10-21,1.1339,1.54
2015-10-22,1.1109,1.53
2015-10-23,1.1018,1.54
2015-10-26,1.1058,1.53
2015-10-27,1.1051,1.53
2015-10-28,1.0923,1.53
2015-10-29,1.0977,1.54
2015-10-30,1.1006,1.54
2015-11-02,1.1016,1.54
2015-11-03,1.0964,1.54
2015-11-04,1.0866,1.52
2015-11-05,1.0884,1.51
2015-11-06,1.0741,1.51
2015-11-09,1.0752,1.51
2015-11-10,1.0724,1.52
2015-11-11,1.0743,1.52
2015-11-12,1.0814,1.52
2015-11-13,1.0773,1.52
2015-11-16,1.0686,1.52
2015-11-17,1.0642,1.52
2015-11-18,1.066,1.53
2015-11-19,1.0734,1.52
2015-11-20,1.0646,1.51
2015-11-23,1.0636,1.51
2015-11-24,1.0643,1.51
2015-11-25,1.0624,1.5
2015-11-26,1.061,1.5
2015-11-27,1.0593,1.5
2015-11-30,1.0565,1.51
2015-12-01,1.0633,1.49
2015-12-02,1.0615,1.51
2015-12-03,1.094,1.51
2015-12-04,1.0881,1.51
2015-12-07,1.0837,1.5
2015-12-08,1.0892,1.52
2015-12-09,1.1025,1.52
2015-12-10,1.0941,1.52
2015-12-11,1.0986,1.51
2015-12-14,1.0992,1.5
2015-12-15,1.0931,1.5
2015-12-16,1.0912,1.49
2015-12-17,1.0826,1.49
2015-12-18,1.0868,1.49
2015-12-21,1.0915,1.48
2015-12-22,1.0957,1.49
2015-12-23,1.0912,1.49
2015-12-24,1.0963,1.49
2015-12-25,1.096,1.485
2015-12-28,1.0968,1.48
2015-12-29,1.092,1.48
2015-12-30,1.0933,1.47
2015-12-31,1.0862,1.47
2016-01-01,1.0856,1.47
2016-01-04,1.0831,1.47
2016-01-05,1.0748,1.46
2016-01-06,1.0781,1.46
2016-01-07,1.0932,1.45
2016-01-08,1.0922,1.46
2016-01-11,1.0859,1.44
2016-01-12,1.0858,1.45
2016-01-13,1.0877,1.44
2016-01-14,1.0865,1.43
2016-01-15,1.0916,1.42
2016-01-18,1.0892,1.42
2016-01-19,1.0908,1.42
2016-01-20,1.089,1.42
2016-01-21,1.0874,1.43
2016-01-22,1.0796,1.42
2016-01-25,1.0849,1.43
2016-01-26,1.087,1.43
2016-01-27,1.0893,1.44
2016-01-28,1.094,1.42
2016-01-29,1.0831,1.44
2016-02-01,1.0888,1.44
2016-02-02,1.0919,1.46
2016-02-03,1.1105,1.46
2016-02-04,1.1209,1.45
2016-02-05,1.1158,1.44
2016-02-08,1.1193,1.45
2016-02-09,1.1293,1.45
2016-02-10,1.1292,1.44
2016-02-11,1.1323,1.45
2016-02-12,1.1256,1.43
2016-02-15,1.1156,1.43
2016-02-16,1.1144,1.43
2016-02-17,1.1128,1.43
2016-02-18,1.1107,1.43
2016-02-19,1.113,1.42
2016-02-22,1.103,1.4
2016-02-23,1.102,1.39
2016-02-24,1.1013,1.39
2016-02-25,1.1018,1.39
2016-02-26,1.0934,1.39
2016-02-29,1.0873,1.39
2016-03-01,1.0868,1.41
2016-03-02,1.0868,1.42
2016-03-03,1.0957,1.42
2016-03-04,1.1005,1.43
2016-03-07,1.1014,1.42
2016-03-08,1.1011,1.42
2016-03-09,1.0999,1.43
2016-03-10,1.1177,1.44
2016-03-11,1.1156,1.43
2016-03-14,1.1103,1.42
2016-03-15,1.1109,1.41
2016-03-16,1.1224,1.45
2016-03-17,1.1318,1.45
2016-03-18,1.127,1.44
2016-03-21,1.1241,1.42
2016-03-22,1.1217,1.41
2016-03-23,1.1181,1.41
2016-03-24,1.1174,1.41
2016-03-25,1.1167,1.43
2016-03-28,1.1196,1.43
2016-03-29,1.1291,1.44
2016-03-30,1.1338,1.44
2016-03-31,1.138,1.42
2016-04-01,1.1391,1.43
2016-04-04,1.1391,1.41
2016-04-05,1.1384,1.42
2016-04-06,1.1399,1.41
2016-04-07,1.1378,1.41
2016-04-08,1.1399,1.42
2016-04-11,1.1408,1.42
2016-04-12,1.1386,1.42
2016-04-13,1.1274,1.41
2016-04-14,1.1268,1.42
2016-04-15,1.1284,1.43
2016-04-18,1.1313,1.44
2016-04-19,1.1358,1.44
2016-04-20,1.1297,1.43
2016-04-21,1.1288,1.44
2016-04-22,1.1222,1.45
2016-04-25,1.1268,1.46
2016-04-26,1.1297,1.46
2016-04-27,1.1322,1.46
2016-04-28,1.1352,1.46
2016-04-29,1.1451,1.4411
2016-05-02,1.1534,1.441772727
2016-05-03,1.1496,1.442445455
2016-05-04,1.1487,1.443118182
2016-05-05,1.1405,1.443790909
2016-05-06,1.1404,1.444463636
2016-05-09,1.1383,1.445136364
2016-05-10,1.1372,1.445809091
2016-05-11,1.1426,1.446481818
2016-05-12,1.1377,1.447154545
2016-05-13,1.1309,1.447827273
2016-05-16,1.1321,1.4485
2016-05-17,1.1313,1.4615
2016-05-18,1.1216,1.4608
2016-05-19,1.1203,1.4513
2016-05-20,1.1224,1.4444
2016-05-23,1.122,1.4623
2016-05-24,1.1141,1.4694
2016-05-25,1.1155,1.4673
2016-05-26,1.1194,1.4644
2016-05-27,1.1115,1.453
2016-05-30,1.1138,1.44625
2016-05-31,1.1132,1.4395
2016-06-01,1.1188,1.4419
2016-06-02,1.1151,1.4521
2016-06-03,1.1367,1.445
2016-06-06,1.1355,1.4564
2016-06-07,1.1358,1.4504
2016-06-08,1.1395,1.4458
2016-06-09,1.1316,1.4257
2016-06-10,1.1251,1.427
2016-06-13,1.1292,1.4114
2016-06-14,1.1207,1.4204
2016-06-15,1.126,1.4203
2016-06-16,1.1225,1.4358
2016-06-17,1.1277,1.4698
2016-06-20,1.1314,1.4652
2016-06-21,1.1242,1.4707
2016-06-22,1.1296,1.4877
2016-06-23,1.1385,1.3679
2016-06-24,1.1117,1.3225
2016-06-27,1.1025,1.3344
2016-06-28,1.1065,1.3429
2016-06-29,1.1125,1.3311
2016-06-30,1.1106,1.3267
2016-07-01,1.1136,1.3287
2016-07-04,1.1154,1.3022
2016-07-05,1.1076,1.2931
2016-07-06,1.11,1.2908
2016-07-07,1.1063,1.2954
2016-07-08,1.1051,1.2998
2016-07-11,1.1058,1.3247
2016-07-12,1.1061,1.3147
2016-07-13,1.109,1.3343
2016-07-14,1.112,1.3192
2016-07-15,1.1035,1.3255
2016-07-18,1.1075,1.3111
2016-07-19,1.1021,1.3208
2016-07-20,1.1015,1.3233
2016-07-21,1.1026,1.3109
2016-07-22,1.0977,1.314
2016-07-25,1.0995,1.313
2016-07-26,1.0986,1.3223
2016-07-27,1.1058,1.3164
2016-07-28,1.1077,1.323
2016-07-29,1.1174,1.3179
2016-08-01,1.1163,1.3357
2016-08-02,1.1224,1.3325
2016-08-03,1.1149,1.3107
2016-08-04,1.113,1.3073
2016-08-05,1.1086,1.304
2016-08-08,1.1088,1.3003
2016-08-09,1.1117,1.301
2016-08-10,1.1176,1.2956
2016-08-11,1.1137,1.292
2016-08-12,1.1162,1.288
2016-08-15,1.1184,1.3046
2016-08-16,1.1279,1.3042
2016-08-17,1.1289,1.3168
2016-08-18,1.1354,1.3075
2016-08-19,1.1325,1.3137
2016-08-22,1.132,1.3198
2016-08-23,1.1305,1.3232
2016-08-24,1.1264,1.3192
2016-08-25,1.1285,1.3137
2016-08-26,1.1198,1.3106
2016-08-29,1.1189,1.308
2016-08-30,1.1143,1.3138
2016-08-31,1.1158,1.3268
2016-09-01,1.1197,1.3294
2016-09-02,1.1156,1.3304
2016-09-05,1.1147,1.344
2016-09-06,1.1255,1.3341
2016-09-07,1.1239,1.3295
2016-09-08,1.126,1.3267
2016-09-09,1.1233,1.3337
2016-09-12,1.1235,1.3193
2016-09-13,1.122,1.3235
2016-09-14,1.125,1.3239
2016-09-15,1.1244,1.3002
2016-09-16,1.1155,1.303
2016-09-19,1.1175,1.2988
2016-09-20,1.1151,1.3032
2016-09-21,1.1189,1.3078
2016-09-22,1.1208,1.2966
2016-09-23,1.1226,1.2975
2016-09-26,1.1254,1.3023
2016-09-27,1.1215,1.3019
2016-09-28,1.1217,1.2968
2016-09-29,1.1222,1.2972
2016-09-30,1.1235,1.2842
2016-10-03,1.1211,1.2728
2016-10-04,1.1204,1.2749
2016-10-05,1.1205,1.2616
2016-10-06,1.1151,1.2434
2016-10-07,1.1201,1.2362
2016-10-10,1.1139,1.2123
2016-10-11,1.1054,1.2204
2016-10-12,1.1007,1.2254
2016-10-13,1.1056,1.2191
2016-10-14,1.0972,1.2183
2016-10-17,1.1,1.2298
2016-10-18,1.0981,1.2285
2016-10-19,1.0974,1.2254
2016-10-20,1.0929,1.2234
2016-10-21,1.0884,1.2238
2016-10-24,1.0882,1.2188
2016-10-25,1.0889,1.2247
2016-10-26,1.0908,1.2164
2016-10-27,1.0897,1.2185
2016-10-28,1.0985,1.2242
2016-10-31,1.0981,1.2243
2016-11-01,1.1055,1.2304
2016-11-02,1.1098,1.2461
2016-11-03,1.1105,1.2517
2016-11-04,1.1141,1.2396
2016-11-07,1.1041,1.2379
2016-11-08,1.1026,1.2406
2016-11-09,1.091,1.2555
2016-11-10,1.0893,1.2596
2016-11-11,1.0855,1.249
2016-11-14,1.0737,1.2457
2016-11-15,1.0722,1.2443
2016-11-16,1.0691,1.2417
2016-11-17,1.0626,1.2342
2016-11-18,1.0588,1.2494
2016-11-21,1.063,1.2423
2016-11-22,1.0627,1.2443
2016-11-23,1.0553,1.2451
2016-11-24,1.0554,1.2477
2016-11-25,1.0589,1.2416
2016-11-28,1.0614,1.2493
2016-11-29,1.065,1.2506
2016-11-30,1.0589,1.2591
2016-12-01,1.0661,1.2729
2016-12-02,1.0664,1.2732
2016-12-05,1.0764,1.2678
2016-12-06,1.0718,1.2626
2016-12-07,1.0753,1.2586
2016-12-08,1.0615,1.2572
2016-12-09,1.0561,1.2679
2016-12-12,1.0635,1.2658
2016-12-13,1.0626,1.2564
2016-12-14,1.0536,1.2418
2016-12-15,1.0414,1.2496
2016-12-16,1.0451,1.2395
2016-12-19,1.0402,1.2368
2016-12-20,1.0388,1.2353
2016-12-21,1.0424,1.2283
2016-12-22,1.0437,1.2282
2016-12-23,1.0456,1.2282
2016-12-26,1.0455,1.2271
2016-12-27,1.0457,1.2226
2016-12-28,1.0413,1.2261
2016-12-29,1.049,1.234
2016-12-30,1.0517,1.2278
2017-01-02,1.0455,1.2237
2017-01-03,1.0405,1.2323
2017-01-04,1.0489,1.2419
2017-01-05,1.0607,1.2287
2017-01-06,1.0532,1.2163
2017-01-09,1.0574,1.2177
2017-01-10,1.0554,1.2213
2017-01-11,1.0582,1.2162
2017-01-12,1.0613,1.2182
2017-01-13,1.0643,1.2047
2017-01-16,1.0601,1.2414
2017-01-17,1.0713,1.2261
2017-01-18,1.063,1.2342
2017-01-19,1.0664,1.2375
2017-01-20,1.0703,1.2535
2017-01-23,1.0765,1.252
2017-01-24,1.0731,1.2634
2017-01-25,1.0748,1.2597
2017-01-26,1.0682,1.2555
2017-01-27,1.0699,1.2486
2017-01-30,1.0695,1.2579
2017-01-31,1.0798,1.2659
2017-02-01,1.0769,1.2527
2017-02-02,1.0759,1.2484
2017-02-03,1.0783,1.2469
2017-02-06,1.075,1.2509
2017-02-07,1.0683,1.2541
2017-02-08,1.0698,1.2497
2017-02-09,1.0655,1.2491
2017-02-10,1.0643,1.2526
2017-02-13,1.0598,1.2468
2017-02-14,1.0578,1.2461
2017-02-15,1.0601,1.2489
2017-02-16,1.0674,1.2412
2017-02-17,1.0616,1.2463
2017-02-20,1.0614,1.2473
2017-02-21,1.0536,1.245
2017-02-22,1.0558,1.2556
2017-02-23,1.0582,1.2462
2017-02-24,1.0563,1.2442
2017-02-27,1.0587,1.238
2017-02-28,1.0576,1.2293
2017-03-01,1.0547,1.2267
2017-03-02,1.0507,1.2291
2017-03-03,1.0622,1.2236
2017-03-06,1.0582,1.22
2017-03-07,1.0566,1.2168
2017-03-08,1.0541,1.2165
2017-03-09,1.0577,1.2167
2017-03-10,1.0673,1.2219
2017-03-13,1.0653,1.2153
2017-03-14,1.0604,1.2291
2017-03-15,1.0734,1.236
2017-03-16,1.0766,1.2396
2017-03-17,1.0738,1.2358
2017-03-20,1.0739,1.2478
2017-03-21,1.0811,1.2485
2017-03-22,1.0797,1.2521
2017-03-23,1.0783,1.2473
2017-03-24,1.0798,1.2559
2017-03-27,1.0864,1.245
2017-03-28,1.0814,1.2434
2017-03-29,1.0766,1.2468
2017-03-30,1.0674,1.255
2017-03-31,1.0652,1.2486
2017-04-03,1.067,1.244
2017-04-04,1.0674,1.2483
2017-04-05,1.0663,1.247
2017-04-06,1.0644,1.2371
2017-04-07,1.0591,1.2415
2017-04-10,1.0596,1.2491
2017-04-11,1.0605,1.254
2017-04-12,1.0665,1.2503
2017-04-13,1.0613,1.2523
2017-04-14,1.0618,1.2565
2017-04-17,1.0643,1.2841
2017-04-18,1.073,1.2777
2017-04-19,1.0711,1.2813
2017-04-20,1.0717,1.2817
2017-04-21,1.0728,1.2796
2017-04-24,1.0868,1.2842
2017-04-25,1.0926,1.2848
2017-04-26,1.0904,1.2904
2017-04-27,1.0873,1.2951
2017-04-28,1.0895,1.2886
2017-05-01,1.0899,1.2939
2017-05-02,1.093,1.2867
2017-05-03,1.0886,1.2923
2017-05-04,1.0985,1.2982
2017-05-05,1.0998,1.294
2017-05-08,1.0924,1.2934
2017-05-09,1.0874,1.2938
2017-05-10,1.0868,1.2886
2017-05-11,1.0861,1.289
2017-05-12,1.0931,1.2896
2017-05-15,1.0975,1.2917
2017-05-16,1.1083,1.297
2017-05-17,1.1159,1.2938
2017-05-18,1.1103,1.3036
2017-05-19,1.1206,1.3
2017-05-22,1.1237,1.2961
2017-05-23,1.1183,1.2972
2017-05-24,1.1219,1.2942
2017-05-25,1.121,1.2804
2017-05-26,1.1183,1.284
2017-05-29,1.1164,1.2859
2017-05-30,1.1186,1.289
2017-05-31,1.1244,1.2882
2017-06-01,1.1213,1.2888
2017-06-02,1.1279,1.2904
2017-06-05,1.1254,1.2911
2017-06-06,1.1277,1.296
2017-06-07,1.1257,1.2956
2017-06-08,1.1214,1.2746
2017-06-09,1.1195,1.2659
2017-06-12,1.1203,1.2754
2017-06-13,1.1211,1.2751
2017-06-14,1.1218,1.2758
2017-06-15,1.1145,1.2783
2017-06-16,1.1198,1.2737
2017-06-19,1.1149,1.2629
2017-06-20,1.1134,1.2671
2017-06-21,1.1168,1.2682
2017-06-22,1.1152,1.2718
2017-06-23,1.1194,1.2723
2017-06-26,1.1182,1.2814
2017-06-27,1.1339,1.2926
2017-06-28,1.1378,1.3007
2017-06-29,1.1441,1.3025
2017-06-30,1.1426,1.294
2017-07-03,1.1364,1.292
2017-07-04,1.1346,1.2934
2017-07-05,1.1352,1.2971
2017-07-06,1.1423,1.289
2017-07-07,1.1401,1.2881
2017-07-10,1.1399,1.2848
2017-07-11,1.1467,1.2885
2017-07-12,1.1412,1.2939
2017-07-13,1.1398,1.3098
2017-07-14,1.147,1.3055
2017-07-17,1.1478,1.304
2017-07-18,1.1554,1.3022
2017-07-19,1.1515,1.2973
2017-07-20,1.1631,1.2997
2017-07-21,1.1663,1.3028
2017-07-24,1.1642,1.3025
2017-07-25,1.1647,1.3122
2017-07-26,1.1734,1.3066
2017-07-27,1.1677,1.3136
2017-07-28,1.1751,1.3215
2017-07-31,1.1842,1.3203
2017-08-01,1.1802,1.3223
2017-08-02,1.1856,1.3138
2017-08-03,1.187,1.304
2017-08-04,1.1773,1.3035
2017-08-07,1.1795,1.2992
2017-08-08,1.1752,1.3004
2017-08-09,1.1759,1.2977
2017-08-10,1.1772,1.3014
2017-08-11,1.1821,1.2964
2017-08-14,1.178,1.2869
2017-08-15,1.1735,1.2891
2017-08-16,1.1767,1.2868
2017-08-17,1.1723,1.287
2017-08-18,1.1761,1.29
2017-08-21,1.1815,1.2824
2017-08-22,1.1762,1.28
2017-08-23,1.1807,1.2801
2017-08-24,1.1799,1.2882
2017-08-25,1.1924,1.2933
2017-08-28,1.1979,1.2918
2017-08-29,1.1972,1.2925
2017-08-30,1.1884,1.293
2017-08-31,1.191,1.2951
2017-09-01,1.186,1.2931
2017-09-04,1.1896,1.3033
2017-09-05,1.1914,1.3043
2017-09-06,1.1917,1.3101
2017-09-07,1.2023,1.32
2017-09-08,1.2036,1.3163
2017-09-11,1.1953,1.3283
2017-09-12,1.1967,1.3211
2017-09-13,1.1885,1.3399
2017-09-14,1.1919,1.3594
2017-09-15,1.1945,1.3495
2017-09-18,1.1954,1.3503
2017-09-19,1.1994,1.3495
2017-09-20,1.1892,1.358
2017-09-21,1.1941,1.3504
2017-09-22,1.1951,1.3466
2017-09-25,1.1848,1.3458
2017-09-26,1.1793,1.3387
2017-09-27,1.1745,1.3442
2017-09-28,1.1786,1.3398
2017-09-29,1.1814,1.3276
2017-10-02,1.1733,1.3237
2017-10-03,1.1744,1.3248
2017-10-04,1.1759,1.3119
2017-10-05,1.1711,1.3066
2017-10-06,1.173,1.3142
2017-10-09,1.174,1.3203
2017-10-10,1.1808,1.3223
2017-10-11,1.1859,1.3262
2017-10-12,1.183,1.3285
2017-10-13,1.182,1.3251
2017-10-16,1.1796,1.319
2017-10-17,1.1766,1.3205
2017-10-18,1.1787,1.3159
2017-10-19,1.1852,1.319
2017-10-20,1.1784,1.3198
2017-10-23,1.1749,1.3134
2017-10-24,1.1761,1.3262
2017-10-25,1.1813,1.3161
2017-10-26,1.1651,1.3128
2017-10-27,1.1608,1.3208
2017-10-30,1.1651,1.3283
2017-10-31,1.1646,1.3245
2017-11-01,1.1619,1.3059
2017-11-02,1.1658,1.3077
2017-11-03,1.1608,1.3171
2017-11-06,1.161,1.3166
2017-11-07,1.1587,1.3116
2017-11-08,1.1595,1.3145
2017-11-09,1.1642,1.3196
2017-11-10,1.1665,1.3116
2017-11-13,1.1667,1.3165
2017-11-14,1.1798,1.3171
2017-11-15,1.1791,1.3195
2017-11-16,1.177,1.3215
2017-11-17,1.179,1.3235
2017-11-20,1.1733,1.3239
2017-11-21,1.1738,1.3325
2017-11-22,1.1822,1.3309
2017-11-23,1.1851,1.3337
2017-11-24,1.1933,1.3318
2017-11-27,1.1898,1.3339
2017-11-28,1.184,1.3409
2017-11-29,1.1847,1.3525
2017-11-30,1.1904,1.3477
2017-12-01,1.1896,1.348
2017-12-04,1.1866,1.3443
2017-12-05,1.1826,1.3393
2017-12-06,1.1796,1.3474
2017-12-07,1.1773,1.339
2017-12-08,1.1773,1.3341
2017-12-11,1.1769,1.3318
2017-12-12,1.1742,1.342
2017-12-13,1.1826,1.3431
2017-12-14,1.1778,1.332
2017-12-15,1.1749,1.3383
2017-12-18,1.1782,1.3385
2017-12-19,1.184,1.3376
2017-12-20,1.1871,1.3386
2017-12-21,1.1874,1.3363
2017-12-22,1.1862,1.3371
2017-12-25,1.187,1.3374
2017-12-26,1.1858,1.34
2017-12-27,1.1888,1.3443
2017-12-28,1.1943,1.3513
2017-12-29,1.2005,1.3503
2018-01-01,1.2012,1.359
2018-01-02,1.2059,1.3516
2018-01-03,1.2015,1.3551
2018-01-04,1.2068,1.3571
2018-01-05,1.2029,1.3568
2018-01-08,1.1967,1.354
2018-01-09,1.1937,1.3507
2018-01-10,1.1948,1.3538
2018-01-11,1.2032,1.3728
2018-01-12,1.2202,1.3792
2018-01-15,1.2264,1.3792
2018-01-16,1.226,1.3831
2018-01-17,1.2186,1.3894
2018-01-18,1.2238,1.3858
2018-01-19,1.2222,1.3987
2018-01-22,1.2262,1.4
2018-01-23,1.2299,1.4242
2018-01-24,1.2408,1.4142
2018-01-25,1.2396,1.416
2018-01-26,1.2427,1.4074
2018-01-29,1.2383,1.4147
2018-01-30,1.2402,1.4191
2018-01-31,1.2414,1.4264
2018-02-01,1.251,1.4118
2018-02-02,1.2463,1.3959
2018-02-05,1.2367,1.3949
2018-02-06,1.2377,1.3881
2018-02-07,1.2264,1.3913
2018-02-08,1.2247,1.3827
2018-02-09,1.2252,1.3838
2018-02-12,1.2292,1.3894
2018-02-13,1.2352,1.3999
2018-02-14,1.2451,1.4099
2018-02-15,1.2506,1.4026
2018-02-16,1.2406,1.4
2018-02-19,1.2407,1.3996
2018-02-20,1.2337,1.3918
2018-02-21,1.2284,1.3956
2018-02-22,1.233,1.3971
2018-02-23,1.2297,1.3971
2018-02-26,1.232,1.3906
2018-02-27,1.2232,1.3751
2018-02-28,1.22,1.3773
2018-03-01,1.2274,1.3803
2018-03-02,1.232,1.3803
2018-03-05,1.234,1.3898
2018-03-06,1.2419,1.3904
2018-03-07,1.2416,1.3804
2018-03-08,1.2311,1.3849
2018-03-09,1.2311,1.3849
2018-03-12,1.2343,1.397
2018-03-13,1.2396,1.3971
2018-03-14,1.2379,1.3937
2018-03-15,1.2311,1.3934
2018-03-16,1.23,1.3934
2018-03-19,1.234,1.4005
2018-03-20,1.2252,1.4145
2018-03-21,1.2352,1.4114
2018-03-22,1.2329,1.4131
2018-03-23,1.2362,1.4131
2018-03-26,1.2461,1.4178
2018-03-27,1.2413,1.408
2018-03-28,1.2315,1.4027
2018-03-29,1.2306,1.4016
2018-04-02,1.2297,1.4068
2018-04-03,1.2282,1.4086
2018-04-04,1.229,1.4008
2018-04-05,1.2256,1.409
2018-04-06,1.2288,1.409
2018-04-09,1.2327,1.4182
2018-04-10,1.2367,1.4188
2018-04-11,1.2375,1.4238
2018-04-12,1.2334,1.4235
2018-04-13,1.2336,1.4235
2018-04-16,1.2387,1.4297
2018-04-17,1.2377,1.4205
2018-04-18,1.2382,1.4085
2018-04-19,1.2349,1.4003
2018-04-20,1.2288,1.4003
2018-04-23,1.2213,1.3995
2018-04-24,1.2243,1.3938
2018-04-25,1.2176,1.3919
2018-04-26,1.2112,1.3777
2018-04-27,1.2131,1.3777
2018-04-30,1.2085,1.361
2018-05-01,1.1995,1.3571
2018-05-02,1.1956,1.3571
2018-05-03,1.1993,1.3529
2018-05-04,1.1966,1.3529
2018-05-07,1.1942,1.3554
2018-05-08,1.1871,1.3544
2018-05-09,1.185,1.3522
2018-05-10,1.1919,1.3542
2018-05-11,1.1949,1.3542
2018-05-14,1.1936,1.3497
2018-05-15,1.1826,1.3547
2018-05-16,1.1819,1.3512
2018-05-17,1.1795,1.3469
2018-05-18,1.1773,1.3469
2018-05-21,1.1794,1.344
2018-05-22,1.1791,1.337
2018-05-23,1.1712,1.3383
2018-05-24,1.1726,1.3299
2018-05-25,1.1666,1.3299
2018-05-29,1.1542,1.3285
2018-05-30,1.1669,1.329
2018-05-31,1.1696,1.3345
2018-06-01,1.1666,1.3345
2018-06-04,1.1704,1.3407
2018-06-05,1.1729,1.342
2018-06-06,1.1786,1.3418
2018-06-07,1.1797,1.3404
2018-06-08,1.177,1.3404
2018-06-11,1.1778,1.3374
2018-06-12,1.1751,1.3383
2018-06-13,1.1808,1.3256
2018-06-14,1.157,1.3286
2018-06-15,1.1605,1.3286
2018-06-18,1.1633,1.3175
2018-06-19,1.1594,1.3173
2018-06-20,1.1582,1.3248
2018-06-21,1.1609,1.3265
2018-06-22,1.1654,1.3265
2018-06-25,1.1704,1.3221
2018-06-26,1.1654,1.312
2018-06-27,1.1567,1.3075
2018-06-28,1.1566,1.3206
2018-06-29,1.169,1.3206
2018-07-02,1.1645,1.3192
2018-07-03,1.166,1.3231
2018-07-04,1.1665,1.3222
2018-07-05,1.1696,1.3289
2018-07-06,1.1759,1.3289
2018-07-09,1.1759,1.3258
2018-07-10,1.173,1.3208
2018-07-11,1.1678,1.318
2018-07-12,1.1667,1.3235
2018-07-13,1.1689,1.3235
2018-07-16,1.1714,1.3105
2018-07-17,1.1656,1.3078
2018-07-18,1.1648,1.3025
2018-07-19,1.1659,1.3123
2018-07-20,1.1733,1.3123
2018-07-23,1.1697,1.3151
2018-07-24,1.1688,1.32
2018-07-25,1.1741,1.3108
2018-07-26,1.1647,1.3114
2018-07-27,1.1654,1.3114
2018-07-30,1.1707,1.312
2018-07-31,1.1689,1.3126
2018-08-01,1.1663,1.3018
2018-08-02,1.1585,1.3001
2018-08-03,1.1583,1.3001
2018-08-06,1.1559,1.2947
2018-08-07,1.1603,1.2878
2018-08-08,1.161,1.2829
2018-08-09,1.1524,1.2769
2018-08-10,1.1423,1.2769
2018-08-13,1.1401,1.2718
2018-08-14,1.1347,1.2695
2018-08-15,1.1343,1.2712
2018-08-16,1.1374,1.2756
2018-08-17,1.1449,1.2756
2018-08-20,1.1489,1.2905
2018-08-21,1.1574,1.2907
2018-08-22,1.1588,1.2809
2018-08-23,1.1542,1.2845
2018-08-24,1.1633,1.2845
2018-08-27,1.1683,1.2867
2018-08-28,1.1691,1.3035
2018-08-29,1.1709,1.301
2018-08-30,1.1664,1.2961
2018-08-31,1.1621,1.2961
2018-09-04,1.1586,1.2914
2018-09-05,1.1635,1.2925
2018-09-06,1.162,1.2921
2018-09-07,1.1572,1.2921
2018-09-10,1.1594,1.3015
2018-09-11,1.1596,1.3045
2018-09-12,1.1627,1.3112
2018-09-13,1.1693,1.307
2018-09-14,1.1635,1.307
2018-09-15,1.1635,1.3152
2018-09-17,1.1673,1.3167
2018-09-18,1.1679,1.3139
2018-09-19,1.1671,1.3271
2018-09-20,1.1779,1.3073
2018-09-21,1.1769,1.3073
2018-09-22,1.1769,1.3117
2018-09-24,1.1749,1.3179
2018-09-25,1.1766,1.3174
2018-09-26,1.1751,1.3077
2018-09-27,1.1638,1.303
2018-09-28,1.1621,1.303
2018-09-29,1.1621,1.3043
2018-10-01,1.1577,1.2982
2018-10-02,1.155,1.2949
2018-10-03,1.1487,1.3025
2018-10-04,1.1516,1.312
2018-10-05,1.1534,1.312
2018-10-06,1.1534,1.3092
2018-10-08,1.1493,1.3144
2018-10-09,1.1496,1.3205
2018-10-10,1.1533,1.3238
2018-10-11,1.1593,1.3154
2018-10-12,1.1575,1.3154
2018-10-13,1.1575,1.3153
2018-10-15,1.1584,1.3187
2018-10-16,1.1575,1.3105
2018-10-17,1.1501,1.3022
2018-10-18,1.1455,1.3072
2018-10-19,1.1531,1.3072
2018-10-20,1.1531,1.2967
2018-10-22,1.1467,1.2985
2018-10-23,1.1472,1.2887
2018-10-24,1.1399,1.2821
2018-10-25,1.1375,1.2833
2018-10-26,1.1424,1.2833
2018-10-27,1.1424,1.2801
2018-10-29,1.1373,1.2706
2018-10-30,1.1343,1.2773
2018-10-31,1.1317,1.2999
2018-11-01,1.1405,1.2982
2018-11-02,1.1389,1.2982
2018-11-03,1.1389,1.3062
2018-11-05,1.1411,1.3093
2018-11-06,1.142,1.313
2018-11-07,1.1431,1.3067
2018-11-08,1.1365,1.2978
2018-11-09,1.1337,1.2978
2018-11-10,1.1337,1.2853
2018-11-12,1.1223,1.3029
2018-11-13,1.1295,1.2995
2018-11-14,1.1313,1.2773
2018-11-15,1.1329,1.284
2018-11-16,1.1421,1.284
2018-11-17,1.1421,1.286
2018-11-19,1.1453,1.2789
2018-11-20,1.1367,1.2772
2018-11-21,1.1383,1.2879
2018-11-22,1.1405,1.2822
2018-11-23,1.1342,1.2822
2018-11-24,1.1342,1.2812
2018-11-26,1.1331,1.274
2018-11-27,1.1294,1.2826
2018-11-28,1.1368,1.2783
2018-11-29,1.1388,1.2762
2018-11-30,1.1318,1.2762
2018-12-01,1.1318,1.2726
2018-12-03,1.1353,1.2715
2018-12-04,1.1341,1.2738
2018-12-05,1.1347,1.2778
2018-12-06,1.1377,1.2731
2018-12-07,1.1382,1.2731
2018-12-08,1.1382,1.2563
2018-12-10,1.1353,1.2488
2018-12-11,1.1319,1.2634
2018-12-12,1.1371,1.266
2018-12-13,1.1358,1.2588
2018-12-14,1.1309,1.2588
2018-12-15,1.1309,1.2614
2018-12-17,1.1348,1.2648
2018-12-18,1.1369,1.2619
2018-12-19,1.138,1.266
2018-12-20,1.1451,1.2658
2018-12-21,1.1383,1.2658
2018-12-22,1.1383,1.2698
2018-12-24,1.1399,1.2671
2018-12-25,1.1402,1.2641
2018-12-26,1.1356,1.2648
2018-12-27,1.1429,1.2708
2018-12-28,1.1438,1.2708
2018-12-29,1.1438,1.2747
2018-12-31,1.1482,1.2738
2019-01-01,1.1465,1.2474
2019-01-02,1.1338,1.2635
2019-01-03,1.1394,1.273
2019-01-04,1.1396,1.273
2019-01-05,1.1396,1.2786
2019-01-07,1.1476,1.2715
2019-01-08,1.144,1.2795
2019-01-09,1.1546,1.2752
2019-01-10,1.1499,1.2852
2019-01-11,1.147,1.2852
2019-01-12,1.147,1.2865
2019-01-14,1.1468,1.2868
2019-01-15,1.1406,1.2881
2019-01-16,1.1396,1.2985
2019-01-17,1.1388,1.2883
2019-01-18,1.1372,1.2883
2019-01-22,1.1362,1.3078
2019-01-23,1.1379,1.3071
2019-01-24,1.1307,1.3202
2019-01-25,1.14,1.3202
2019-01-26,1.14,1.3149
2019-01-28,1.1428,1.3079
2019-01-29,1.1435,1.3118
2019-01-30,1.1482,1.3109
2019-01-31,1.1446,1.3091
2019-02-01,1.1457,1.3091
2019-02-02,1.1457,1.3041
2019-02-04,1.1436,1.295
2019-02-05,1.1406,1.2938
2019-02-06,1.1364,1.2953
2019-02-07,1.1343,1.2944
2019-02-08,1.1335,1.2944
2019-02-09,1.1335,1.2859
2019-02-11,1.1276,1.2893
2019-02-12,1.1329,1.2849
2019-02-13,1.1255,1.2801
2019-02-14,1.1296,1.2896
2019-02-15,1.1296,1.2896
2019-02-19,1.1338,1.305
2019-02-20,1.1345,1.3037
2019-02-21,1.1339,1.3053
2019-02-22,1.1342,1.3053
2019-02-23,1.1342,1.3118
2019-02-25,1.1358,1.3255
2019-02-26,1.1392,1.331
2019-02-27,1.1372,1.3262
2019-02-28,1.1369,1.3209
2019-03-01,1.1378,1.3209
2019-03-02,1.1378,1.3179
2019-03-04,1.1339,1.3149
2019-03-05,1.1301,1.3171
2019-03-06,1.1308,1.3081
2019-03-07,1.1192,1.3017
2019-03-08,1.1239,1.3017
2019-03-09,1.1239,1.3246
2019-03-11,1.1264,1.3075
2019-03-12,1.129,1.3312
2019-03-13,1.1336,1.3249
2019-03-14,1.1307,1.3318
2019-03-15,1.1344,1.3318
2019-03-16,1.1344,1.3243
2019-03-18,1.1335,1.3269
2019-03-19,1.1353,1.3194
2019-03-20,1.1423,1.3128
2019-03-21,1.1377,1.3212
2019-03-22,1.13,13212